video,frame_number,timestamp_s,class_id,class_name,confidence,bbox_x1,bbox_y1,bbox_x2,bbox_y2,bbox_width,bbox_height
low traffic.mp4,0,0.0,2,car,0.8653,1103,581,1761,802,658,220
low traffic.mp4,0,0.0,2,car,0.7562,1770,670,1918,824,148,154
low traffic.mp4,0,0.0,2,car,0.738,0,603,967,920,967,317
low traffic.mp4,0,0.0,2,car,0.5393,16,561,143,668,127,107
low traffic.mp4,0,0.0,2,car,0.44,26,687,967,911,941,224
low traffic.mp4,0,0.0,2,car,0.3486,0,601,605,911,604,309
low traffic.mp4,0,0.0,2,car,0.3146,0,603,405,910,405,307
low traffic.mp4,50,2.085,2,car,0.9052,1326,672,1919,910,592,238
low traffic.mp4,50,2.085,2,car,0.8921,613,656,1124,828,511,172
low traffic.mp4,50,2.085,2,car,0.8263,0,612,381,805,381,192
low traffic.mp4,50,2.085,2,car,0.508,0,612,87,677,87,64
low traffic.mp4,100,4.171,2,car,0.7899,1776,699,1918,819,142,120
low traffic.mp4,100,4.171,2,car,0.7262,0,656,104,818,104,162
low traffic.mp4,150,6.256,2,car,0.9019,942,669,1414,820,471,151
low traffic.mp4,150,6.256,2,car,0.8864,0,662,378,905,378,243
low traffic.mp4,150,6.256,2,car,0.2538,28,594,123,667,94,72
low traffic.mp4,200,8.342,2,car,0.9332,0,646,379,806,379,160
low traffic.mp4,200,8.342,2,car,0.9145,869,686,1598,918,729,232
low traffic.mp4,250,10.427,2,car,0.8943,1333,673,1796,823,462,149
low traffic.mp4,300,12.512,2,car,0.6615,194,621,959,905,765,284
low traffic.mp4,300,12.512,2,car,0.2639,198,612,640,903,442,291
low traffic.mp4,350,14.598,2,car,0.9424,1443,643,1918,915,474,271
low traffic.mp4,350,14.598,2,car,0.7003,1287,674,1500,836,213,161
low traffic.mp4,400,16.683,2,car,0.8403,1580,662,1919,839,339,176
low traffic.mp4,400,16.683,2,car,0.772,693,659,1038,831,344,172
low traffic.mp4,400,16.683,2,car,0.5361,518,664,1023,835,504,170
low traffic.mp4,450,18.769,2,car,0.8866,1350,675,1788,821,437,145
low traffic.mp4,450,18.769,2,car,0.8144,0,641,168,816,168,175
low traffic.mp4,450,18.769,2,car,0.7838,566,624,1317,912,750,287
low traffic.mp4,450,18.769,2,car,0.7034,1028,651,1307,752,279,101
low traffic.mp4,500,20.854,2,car,0.8753,0,624,384,825,384,200
low traffic.mp4,500,20.854,2,car,0.849,696,663,1094,812,398,149
low traffic.mp4,500,20.854,2,car,0.7518,1803,676,1919,901,116,224
low traffic.mp4,500,20.854,2,car,0.4596,0,748,53,870,52,122
low traffic.mp4,550,22.94,2,car,0.9192,0,646,384,804,384,157
low traffic.mp4,550,22.94,2,car,0.8855,685,664,1353,913,667,249
low traffic.mp4,550,22.94,2,car,0.8843,1518,596,1919,825,401,228
low traffic.mp4,600,25.025,2,car,0.9242,1374,678,1865,841,490,163
low traffic.mp4,600,25.025,7,truck,0.6947,773,573,1316,823,543,249
low traffic.mp4,600,25.025,2,car,0.564,1842,735,1919,897,77,161
low traffic.mp4,600,25.025,2,car,0.5468,771,574,1314,820,542,245
low traffic.mp4,650,27.11,2,car,0.7904,3,554,385,804,382,249
low traffic.mp4,650,27.11,2,car,0.7805,1825,714,1919,815,93,101
low traffic.mp4,650,27.11,2,car,0.7246,257,647,792,834,534,187
low traffic.mp4,650,27.11,2,car,0.5223,259,655,621,826,362,171
low traffic.mp4,700,29.196,2,car,0.8453,1361,653,1679,815,318,161
low traffic.mp4,700,29.196,2,car,0.6031,505,531,1411,918,906,387
low traffic.mp4,700,29.196,7,truck,0.395,509,534,1408,916,898,382
no traffic video.mp4,0,0.0,5,bus,0.5161,858,363,1074,611,215,248
no traffic video.mp4,50,0.834,5,bus,0.5126,860,363,1075,611,214,248
no traffic video.mp4,100,1.668,5,bus,0.5594,858,362,1074,612,216,249
no traffic video.mp4,150,2.502,5,bus,0.6314,857,361,1078,611,221,249
no traffic video.mp4,200,3.337,5,bus,0.8128,857,362,1091,612,234,249
no traffic video.mp4,250,4.171,5,bus,0.6841,854,360,1127,615,272,254
no traffic video.mp4,300,5.005,5,bus,0.5672,855,351,1182,614,327,262
no traffic video.mp4,350,5.839,5,bus,0.3809,851,340,1240,620,388,280
no traffic video.mp4,400,6.673,5,bus,0.493,852,320,1306,624,454,303
no traffic video.mp4,500,8.342,5,bus,0.7786,1014,262,1299,637,285,375
no traffic video.mp4,550,9.176,5,bus,0.9379,862,217,1361,643,499,426
no traffic video.mp4,600,10.01,5,bus,0.9342,681,172,1598,651,916,478
no traffic video.mp4,600,10.01,2,car,0.3092,0,530,41,626,41,96
no traffic video.mp4,650,10.844,5,bus,0.9384,414,132,1913,667,1499,534
no traffic video.mp4,650,10.844,2,car,0.5705,269,537,393,636,123,98
no traffic video.mp4,700,11.678,5,bus,0.825,0,110,1865,685,1864,574
no traffic video.mp4,750,12.513,5,bus,0.6928,8,91,1918,690,1909,599
no traffic video.mp4,800,13.347,5,bus,0.5772,1,101,1895,691,1894,590
no traffic video.mp4,850,14.181,5,bus,0.4833,5,108,1920,686,1914,578
no traffic video.mp4,900,15.015,5,bus,0.7632,7,116,1732,683,1724,566
no traffic video.mp4,950,15.849,5,bus,0.8685,1,110,827,671,825,560
no traffic video.mp4,950,15.849,2,car,0.8371,1049,548,1187,648,138,99
no traffic video.mp4,1000,16.683,2,car,0.8268,1047,547,1187,648,139,100
no traffic video.mp4,1050,17.518,2,car,0.8324,1048,548,1187,648,139,100
no traffic video.mp4,1100,18.352,2,car,0.8121,1048,548,1187,648,139,99
no traffic video.mp4,1150,19.186,2,car,0.8142,1047,548,1187,648,139,99
traffic.mp4,0,0.0,2,car,0.7989,701,521,915,717,214,195
traffic.mp4,0,0.0,2,car,0.7911,367,257,503,385,135,127
traffic.mp4,0,0.0,2,car,0.7657,821,407,996,568,175,161
traffic.mp4,0,0.0,2,car,0.7499,457,303,625,480,167,177
traffic.mp4,0,0.0,2,car,0.7433,214,395,416,593,201,198
traffic.mp4,0,0.0,2,car,0.7422,682,267,844,427,162,160
traffic.mp4,0,0.0,2,car,0.7325,269,349,427,461,158,112
traffic.mp4,0,0.0,2,car,0.6969,818,174,905,272,86,98
traffic.mp4,0,0.0,2,car,0.6837,82,330,241,476,159,146
traffic.mp4,0,0.0,2,car,0.6791,758,642,944,718,185,76
traffic.mp4,0,0.0,2,car,0.641,0,632,171,719,170,86
traffic.mp4,0,0.0,2,car,0.6272,977,248,1082,357,104,109
traffic.mp4,0,0.0,2,car,0.5849,444,204,554,320,110,116
traffic.mp4,0,0.0,2,car,0.5732,594,182,704,288,109,106
traffic.mp4,0,0.0,2,car,0.5427,302,196,436,317,133,120
traffic.mp4,0,0.0,5,bus,0.422,741,95,840,234,98,138
traffic.mp4,0,0.0,2,car,0.3743,1108,289,1148,350,39,60
traffic.mp4,0,0.0,2,car,0.3687,0,438,96,635,96,197
traffic.mp4,0,0.0,2,car,0.3644,372,645,577,718,205,72
traffic.mp4,0,0.0,2,car,0.3581,556,246,677,350,121,103
traffic.mp4,0,0.0,5,bus,0.3506,899,43,1014,231,114,187
traffic.mp4,0,0.0,3,motorcycle,0.3465,420,550,501,650,80,99
traffic.mp4,0,0.0,3,motorcycle,0.3459,608,492,670,597,62,104
traffic.mp4,0,0.0,3,motorcycle,0.2719,67,532,163,639,95,106
traffic.mp4,50,1.0,2,car,0.7996,690,544,912,719,221,175
traffic.mp4,50,1.0,2,car,0.7789,798,428,988,598,190,170
traffic.mp4,50,1.0,2,car,0.7497,171,421,390,639,219,217
traffic.mp4,50,1.0,2,car,0.7278,230,374,404,487,173,113
traffic.mp4,50,1.0,2,car,0.7042,983,249,1081,365,97,115
traffic.mp4,50,1.0,2,car,0.6856,661,286,838,453,177,166
traffic.mp4,50,1.0,2,car,0.6738,435,327,609,518,173,191
traffic.mp4,50,1.0,2,car,0.6725,32,354,198,511,165,157
traffic.mp4,50,1.0,2,car,0.6592,343,270,487,415,143,145
traffic.mp4,50,1.0,2,car,0.6476,277,207,418,318,140,111
traffic.mp4,50,1.0,5,bus,0.6393,899,43,1015,198,116,154
traffic.mp4,50,1.0,5,bus,0.5902,740,100,836,242,96,141
traffic.mp4,50,1.0,2,car,0.5073,585,193,699,291,114,97
traffic.mp4,50,1.0,2,car,0.493,860,300,994,445,133,145
traffic.mp4,50,1.0,2,car,0.4915,424,219,542,342,118,123
traffic.mp4,50,1.0,3,motorcycle,0.4718,362,625,464,719,101,93
traffic.mp4,50,1.0,2,car,0.4048,437,135,536,221,98,86
traffic.mp4,50,1.0,3,motorcycle,0.3932,1009,359,1070,459,61,99
traffic.mp4,50,1.0,2,car,0.391,803,188,899,295,96,107
traffic.mp4,50,1.0,3,motorcycle,0.3524,1195,601,1252,710,56,108
traffic.mp4,50,1.0,3,motorcycle,0.3513,1041,425,1102,529,60,103
traffic.mp4,50,1.0,3,motorcycle,0.3324,556,571,631,718,75,146
traffic.mp4,50,1.0,3,motorcycle,0.3258,1,579,104,716,103,136
traffic.mp4,50,1.0,3,motorcycle,0.3094,211,668,320,720,109,51
traffic.mp4,50,1.0,2,car,0.2941,764,668,925,719,161,51
traffic.mp4,50,1.0,3,motorcycle,0.2876,1044,458,1102,531,57,72
traffic.mp4,100,2.0,2,car,0.8516,680,559,909,718,229,159
traffic.mp4,100,2.0,5,bus,0.8465,896,44,1018,205,122,160
traffic.mp4,100,2.0,2,car,0.8293,315,290,467,452,152,162
traffic.mp4,100,2.0,2,car,0.8273,126,454,362,686,235,231
traffic.mp4,100,2.0,2,car,0.7593,770,446,972,621,202,175
traffic.mp4,100,2.0,2,car,0.7566,403,358,593,577,190,219
traffic.mp4,100,2.0,2,car,0.7492,0,384,149,548,149,163
traffic.mp4,100,2.0,2,car,0.7358,646,304,817,479,170,174
traffic.mp4,100,2.0,2,car,0.6937,202,398,377,519,174,120
traffic.mp4,100,2.0,2,car,0.5897,243,223,393,353,149,130
traffic.mp4,100,2.0,2,car,0.5536,566,203,690,324,124,121
traffic.mp4,100,2.0,2,car,0.5429,783,202,893,318,110,116
traffic.mp4,100,2.0,2,car,0.5257,510,276,646,392,136,116
traffic.mp4,100,2.0,5,bus,0.5243,730,107,832,255,102,148
traffic.mp4,100,2.0,2,car,0.4759,398,238,511,361,113,122
traffic.mp4,100,2.0,2,car,0.4738,853,320,986,470,132,150
traffic.mp4,100,2.0,3,motorcycle,0.3873,1198,646,1264,719,66,73
traffic.mp4,100,2.0,2,car,0.3682,420,144,515,228,94,84
traffic.mp4,100,2.0,2,car,0.2933,1135,361,1184,429,49,68
traffic.mp4,100,2.0,3,motorcycle,0.2825,723,462,789,560,66,98
traffic.mp4,100,2.0,3,motorcycle,0.2741,1015,418,1072,499,56,80
traffic.mp4,150,3.0,2,car,0.8787,673,567,902,715,229,148
traffic.mp4,150,3.0,2,car,0.8641,80,484,329,714,248,230
traffic.mp4,150,3.0,5,bus,0.8622,897,47,1018,213,120,166
traffic.mp4,150,3.0,2,car,0.823,757,458,962,632,205,174
traffic.mp4,150,3.0,2,car,0.7736,286,307,447,470,161,163
traffic.mp4,150,3.0,2,car,0.7217,182,423,352,552,169,129
traffic.mp4,150,3.0,2,car,0.7081,620,322,820,502,199,180
traffic.mp4,150,3.0,2,car,0.6737,356,420,565,649,209,229
traffic.mp4,150,3.0,3,motorcycle,0.6651,605,575,672,683,66,108
traffic.mp4,150,3.0,2,car,0.6489,847,330,988,493,141,163
traffic.mp4,150,3.0,2,car,0.6099,555,215,680,321,124,105
traffic.mp4,150,3.0,2,car,0.6096,212,235,379,379,167,143
traffic.mp4,150,3.0,3,motorcycle,0.6031,998,428,1089,520,90,91
traffic.mp4,150,3.0,2,car,0.5707,484,290,657,430,172,140
traffic.mp4,150,3.0,3,motorcycle,0.5664,1160,424,1213,508,52,84
traffic.mp4,150,3.0,2,car,0.5223,756,220,883,327,127,107
traffic.mp4,150,3.0,2,car,0.5023,380,256,508,387,128,131
traffic.mp4,150,3.0,2,car,0.4766,0,417,101,587,101,169
traffic.mp4,150,3.0,2,car,0.4459,0,414,155,588,155,173
traffic.mp4,150,3.0,2,car,0.4308,982,256,1080,385,98,128
traffic.mp4,150,3.0,5,bus,0.4286,725,114,832,268,106,153
traffic.mp4,150,3.0,7,truck,0.3126,0,3,189,301,189,298
traffic.mp4,150,3.0,3,motorcycle,0.3014,1051,376,1129,466,78,90
traffic.mp4,150,3.0,2,car,0.2952,408,150,502,215,94,65
traffic.mp4,150,3.0,3,motorcycle,0.2917,1003,421,1089,500,86,78
traffic.mp4,150,3.0,3,motorcycle,0.268,318,657,414,720,95,62
traffic.mp4,150,3.0,3,motorcycle,0.2534,1162,422,1212,479,50,57
traffic.mp4,200,4.0,2,car,0.8742,658,587,894,717,235,129
traffic.mp4,200,4.0,5,bus,0.8542,891,51,1019,216,128,164
traffic.mp4,200,4.0,3,motorcycle,0.8396,562,553,624,665,61,111
traffic.mp4,200,4.0,2,car,0.8165,31,523,300,716,268,192
traffic.mp4,200,4.0,2,car,0.7952,294,484,529,718,234,234
traffic.mp4,200,4.0,2,car,0.7723,145,449,329,601,184,151
traffic.mp4,200,4.0,2,car,0.7704,255,327,429,496,174,168
traffic.mp4,200,4.0,2,car,0.7689,746,469,957,655,210,185
traffic.mp4,200,4.0,2,car,0.7381,605,341,793,532,188,190
traffic.mp4,200,4.0,2,car,0.7223,471,304,625,452,154,148
traffic.mp4,200,4.0,2,car,0.6954,538,228,668,353,129,125
traffic.mp4,200,4.0,2,car,0.6937,724,237,857,346,132,108
traffic.mp4,200,4.0,2,car,0.6601,176,261,347,396,171,135
traffic.mp4,200,4.0,3,motorcycle,0.6437,1182,492,1241,593,59,101
traffic.mp4,200,4.0,2,car,0.5881,0,451,52,645,52,194
traffic.mp4,200,4.0,2,car,0.5198,354,273,479,410,125,136
traffic.mp4,200,4.0,2,car,0.4462,982,272,1079,403,97,131
traffic.mp4,200,4.0,2,car,0.4199,837,357,983,514,146,156
traffic.mp4,200,4.0,3,motorcycle,0.349,535,404,592,519,56,114
traffic.mp4,200,4.0,3,motorcycle,0.3409,475,642,539,720,63,77
traffic.mp4,200,4.0,3,motorcycle,0.2923,1051,465,1087,534,35,68
traffic.mp4,200,4.0,2,car,0.2882,390,159,492,235,102,75
traffic.mp4,200,4.0,2,car,0.2789,531,196,627,277,95,81
traffic.mp4,200,4.0,5,bus,0.2601,714,125,829,283,115,158
traffic.mp4,200,4.0,3,motorcycle,0.2527,1141,437,1197,518,55,81
traffic.mp4,250,5.0,5,bus,0.8212,889,54,1016,225,127,170
traffic.mp4,250,5.0,2,car,0.7958,734,480,947,668,212,188
traffic.mp4,250,5.0,2,car,0.7939,447,322,607,486,159,163
traffic.mp4,250,5.0,2,car,0.7858,641,613,884,718,243,105
traffic.mp4,250,5.0,2,car,0.7557,223,347,409,527,185,179
traffic.mp4,250,5.0,2,car,0.7203,1,566,255,717,253,151
traffic.mp4,250,5.0,2,car,0.707,136,279,320,428,184,149
traffic.mp4,250,5.0,2,car,0.6448,376,171,485,251,109,79
traffic.mp4,250,5.0,2,car,0.6447,521,239,662,371,141,132
traffic.mp4,250,5.0,2,car,0.628,573,360,781,566,207,206
traffic.mp4,250,5.0,2,car,0.6038,233,558,486,717,253,159
traffic.mp4,250,5.0,2,car,0.6026,330,288,462,431,131,142
traffic.mp4,250,5.0,2,car,0.5873,833,359,982,523,148,164
traffic.mp4,250,5.0,2,car,0.5579,693,256,834,370,140,114
traffic.mp4,250,5.0,2,car,0.5475,108,479,305,665,196,186
traffic.mp4,250,5.0,2,car,0.4936,513,197,620,297,107,100
traffic.mp4,250,5.0,3,motorcycle,0.4606,460,503,519,583,58,80
traffic.mp4,250,5.0,5,bus,0.4175,708,130,819,268,111,137
traffic.mp4,250,5.0,2,car,0.3984,979,285,1078,410,98,125
traffic.mp4,250,5.0,3,motorcycle,0.3642,1162,375,1207,449,45,74
traffic.mp4,250,5.0,3,motorcycle,0.3304,1203,581,1262,673,58,92
traffic.mp4,300,6.0,2,car,0.8348,720,498,937,694,216,196
traffic.mp4,300,6.0,2,car,0.8289,657,639,874,717,216,78
traffic.mp4,300,6.0,5,bus,0.7762,890,58,1019,234,129,175
traffic.mp4,300,6.0,2,car,0.774,425,344,594,510,168,166
traffic.mp4,300,6.0,2,car,0.7282,509,251,652,389,142,137
traffic.mp4,300,6.0,2,car,0.7207,63,516,272,715,208,199
traffic.mp4,300,6.0,2,car,0.7057,534,385,771,602,237,216
traffic.mp4,300,6.0,2,car,0.6987,672,268,830,425,157,157
traffic.mp4,300,6.0,2,car,0.6792,189,370,387,566,197,195
traffic.mp4,300,6.0,2,car,0.6781,89,301,289,458,200,157
traffic.mp4,300,6.0,2,car,0.6591,829,363,980,530,150,167
traffic.mp4,300,6.0,3,motorcycle,0.6561,1182,436,1234,519,51,83
traffic.mp4,300,6.0,2,car,0.4975,489,204,602,314,112,110
traffic.mp4,300,6.0,2,car,0.4947,306,306,445,454,139,148
traffic.mp4,300,6.0,2,car,0.4832,359,179,469,254,110,74
traffic.mp4,300,6.0,2,car,0.4465,1,617,209,716,208,99
traffic.mp4,300,6.0,2,car,0.4402,976,290,1079,416,103,126
traffic.mp4,300,6.0,3,motorcycle,0.3246,764,373,820,452,56,78
traffic.mp4,300,6.0,7,truck,0.3175,690,140,817,292,127,151
traffic.mp4,300,6.0,2,car,0.3128,624,135,683,193,59,58
traffic.mp4,300,6.0,3,motorcycle,0.3068,765,340,823,451,57,110
traffic.mp4,300,6.0,3,motorcycle,0.2748,1108,461,1159,531,51,70
traffic.mp4,300,6.0,2,car,0.2708,562,158,650,242,88,84
traffic.mp4,300,6.0,3,motorcycle,0.26,1010,446,1074,530,63,83
traffic.mp4,350,7.0,5,bus,0.7934,885,59,1015,247,130,187
traffic.mp4,350,7.0,2,car,0.7847,0,558,239,717,238,159
traffic.mp4,350,7.0,2,car,0.7581,480,418,724,658,243,239
traffic.mp4,350,7.0,2,car,0.751,34,325,246,495,211,170
traffic.mp4,350,7.0,2,car,0.7151,704,518,927,714,222,196
traffic.mp4,350,7.0,3,motorcycle,0.7109,1205,507,1261,603,55,95
traffic.mp4,350,7.0,2,car,0.7046,663,280,810,424,147,143
traffic.mp4,350,7.0,2,car,0.7031,468,204,607,328,138,124
traffic.mp4,350,7.0,2,car,0.6915,404,363,577,540,172,176
traffic.mp4,350,7.0,2,car,0.6905,490,263,643,403,153,139
traffic.mp4,350,7.0,2,car,0.69,151,399,358,600,207,201
traffic.mp4,350,7.0,2,car,0.4987,974,314,1079,426,104,111
traffic.mp4,350,7.0,2,car,0.4817,339,188,453,281,114,92
traffic.mp4,350,7.0,2,car,0.4736,655,659,866,717,211,58
traffic.mp4,350,7.0,2,car,0.4702,274,324,450,482,176,157
traffic.mp4,350,7.0,2,car,0.4579,555,157,645,245,90,87
traffic.mp4,350,7.0,3,motorcycle,0.3606,715,427,766,534,50,106
traffic.mp4,350,7.0,7,truck,0.3326,680,148,816,295,135,147
traffic.mp4,350,7.0,2,car,0.3172,821,367,982,549,161,182
traffic.mp4,350,7.0,3,motorcycle,0.3171,1125,420,1176,487,51,66
traffic.mp4,350,7.0,3,motorcycle,0.3077,1204,498,1262,581,57,83
traffic.mp4,350,7.0,3,motorcycle,0.2879,234,319,297,401,62,82
traffic.mp4,350,7.0,3,motorcycle,0.2627,1107,605,1193,712,86,107
traffic.mp4,350,7.0,5,bus,0.2555,680,149,817,294,137,144
traffic.mp4,350,7.0,3,motorcycle,0.2526,1123,392,1178,480,55,88
traffic.mp4,400,8.0,5,bus,0.8871,879,60,1016,248,137,188
traffic.mp4,400,8.0,2,car,0.8516,105,426,329,647,224,220
traffic.mp4,400,8.0,2,car,0.8046,0,615,194,718,193,102
traffic.mp4,400,8.0,2,car,0.803,475,278,629,427,154,149
traffic.mp4,400,8.0,2,car,0.8006,646,296,794,441,148,144
traffic.mp4,400,8.0,2,car,0.7964,381,387,559,573,178,185
traffic.mp4,400,8.0,2,car,0.7789,696,530,919,716,222,185
traffic.mp4,400,8.0,2,car,0.7586,0,353,208,537,208,183
traffic.mp4,400,8.0,2,car,0.7551,405,463,679,715,273,252
traffic.mp4,400,8.0,2,car,0.7358,653,667,860,717,206,50
traffic.mp4,400,8.0,2,car,0.5017,969,312,1078,449,109,137
traffic.mp4,400,8.0,2,car,0.4989,246,343,432,496,185,152
traffic.mp4,400,8.0,2,car,0.4611,545,162,640,258,94,95
traffic.mp4,400,8.0,2,car,0.4468,325,196,439,284,113,87
traffic.mp4,400,8.0,2,car,0.4142,446,222,577,349,131,127
traffic.mp4,400,8.0,7,truck,0.3718,685,152,815,314,129,161
traffic.mp4,400,8.0,3,motorcycle,0.3503,1234,578,1279,684,45,105
traffic.mp4,400,8.0,3,motorcycle,0.3409,697,482,750,608,53,126
traffic.mp4,400,8.0,5,bus,0.3393,685,154,812,314,127,160
traffic.mp4,400,8.0,7,truck,0.3222,809,340,982,566,172,226
traffic.mp4,400,8.0,2,car,0.3158,506,121,598,179,91,58
traffic.mp4,400,8.0,3,motorcycle,0.3097,743,441,801,522,58,81
traffic.mp4,400,8.0,2,car,0.2863,562,81,627,145,64,63
traffic.mp4,400,8.0,3,motorcycle,0.2653,0,532,61,641,61,108
traffic.mp4,450,9.0,5,bus,0.8777,878,62,1021,257,143,194
traffic.mp4,450,9.0,2,car,0.8591,57,461,295,698,238,237
traffic.mp4,450,9.0,2,car,0.782,620,310,783,473,162,163
traffic.mp4,450,9.0,2,car,0.7734,451,293,614,454,162,160
traffic.mp4,450,9.0,2,car,0.7222,422,224,577,365,154,140
traffic.mp4,450,9.0,2,car,0.7086,0,374,168,577,168,202
traffic.mp4,450,9.0,2,car,0.7006,229,365,393,525,164,159
traffic.mp4,450,9.0,2,car,0.6951,689,535,915,710,226,174
traffic.mp4,450,9.0,2,car,0.6786,317,516,615,719,298,202
traffic.mp4,450,9.0,2,car,0.6196,352,414,542,616,190,202
traffic.mp4,450,9.0,3,motorcycle,0.5875,710,478,770,571,59,93
traffic.mp4,450,9.0,2,car,0.5808,302,207,422,298,119,91
traffic.mp4,450,9.0,3,motorcycle,0.5719,644,543,709,660,65,116
traffic.mp4,450,9.0,2,car,0.5015,966,322,1080,465,113,142
traffic.mp4,450,9.0,2,car,0.4245,534,170,633,266,99,96
traffic.mp4,450,9.0,2,car,0.4197,555,86,620,151,65,64
traffic.mp4,450,9.0,3,motorcycle,0.4179,340,294,409,370,68,75
traffic.mp4,450,9.0,7,truck,0.3694,0,3,189,321,189,317
traffic.mp4,450,9.0,2,car,0.3612,651,669,856,716,204,47
traffic.mp4,450,9.0,7,truck,0.3457,682,158,813,337,131,178
traffic.mp4,450,9.0,5,bus,0.3309,682,158,811,337,128,178
traffic.mp4,450,9.0,7,truck,0.3035,808,346,981,566,173,219
traffic.mp4,450,9.0,2,car,0.3007,0,690,78,719,77,29
traffic.mp4,450,9.0,5,bus,0.2517,743,77,835,173,91,95
traffic.mp4,500,10.0,2,car,0.8717,0,506,254,715,253,209
traffic.mp4,500,10.0,2,car,0.832,318,448,520,641,201,192
traffic.mp4,500,10.0,2,car,0.831,428,313,599,486,170,173
traffic.mp4,500,10.0,2,car,0.806,678,539,913,715,235,175
traffic.mp4,500,10.0,5,bus,0.7992,877,72,1021,274,144,202
traffic.mp4,500,10.0,2,car,0.7665,188,393,400,558,211,164
traffic.mp4,500,10.0,2,car,0.7625,264,595,536,718,271,123
traffic.mp4,500,10.0,2,car,0.7193,610,330,770,494,159,164
traffic.mp4,500,10.0,2,car,0.7133,960,330,1079,488,118,158
traffic.mp4,500,10.0,2,car,0.6997,394,241,563,392,168,151
traffic.mp4,500,10.0,2,car,0.6229,523,177,624,270,101,92
traffic.mp4,500,10.0,3,motorcycle,0.6203,667,515,728,621,61,105
traffic.mp4,500,10.0,2,car,0.5927,0,418,117,642,117,224
traffic.mp4,500,10.0,3,motorcycle,0.5803,558,600,636,718,78,118
traffic.mp4,500,10.0,2,car,0.5393,288,218,409,318,121,100
traffic.mp4,500,10.0,2,car,0.4074,543,91,615,153,72,61
traffic.mp4,500,10.0,7,truck,0.3743,669,169,819,360,149,190
traffic.mp4,500,10.0,3,motorcycle,0.3662,551,558,637,719,85,160
traffic.mp4,500,10.0,2,car,0.3583,801,418,977,578,176,160
traffic.mp4,500,10.0,2,car,0.3469,397,152,512,249,115,97
traffic.mp4,500,10.0,2,car,0.3228,627,129,700,196,73,66
traffic.mp4,500,10.0,2,car,0.3127,587,158,675,230,88,72
traffic.mp4,500,10.0,3,motorcycle,0.3108,710,430,785,534,75,104
traffic.mp4,500,10.0,3,motorcycle,0.2976,715,427,796,519,80,92
traffic.mp4,500,10.0,2,car,0.2706,651,679,860,717,208,37
traffic.mp4,500,10.0,2,car,0.2692,479,132,568,202,88,69
traffic.mp4,550,11.0,2,car,0.8461,274,480,499,715,225,234
traffic.mp4,550,11.0,2,car,0.8452,400,336,583,517,182,180
traffic.mp4,550,11.0,2,car,0.8409,669,543,912,718,242,174
traffic.mp4,550,11.0,5,bus,0.7907,875,76,1021,283,145,206
traffic.mp4,550,11.0,2,car,0.7813,0,577,167,719,166,141
traffic.mp4,550,11.0,2,car,0.7758,147,423,330,596,183,172
traffic.mp4,550,11.0,2,car,0.7113,601,347,761,517,160,170
traffic.mp4,550,11.0,3,motorcycle,0.6949,621,557,686,660,65,103
traffic.mp4,550,11.0,2,car,0.6261,259,229,392,335,132,105
traffic.mp4,550,11.0,2,car,0.6146,958,338,1076,494,117,155
traffic.mp4,550,11.0,2,car,0.6108,511,183,617,282,105,98
traffic.mp4,550,11.0,2,car,0.605,360,262,540,412,179,150
traffic.mp4,550,11.0,2,car,0.5145,533,96,604,164,71,67
traffic.mp4,550,11.0,2,car,0.4866,0,465,54,592,54,126
traffic.mp4,550,11.0,7,truck,0.4577,663,178,807,376,144,198
traffic.mp4,550,11.0,3,motorcycle,0.4248,510,621,586,718,75,97
traffic.mp4,550,11.0,5,bus,0.4211,663,178,807,375,143,197
traffic.mp4,550,11.0,3,motorcycle,0.4108,75,472,152,582,76,110
traffic.mp4,550,11.0,2,car,0.3967,789,414,975,569,186,154
traffic.mp4,550,11.0,3,motorcycle,0.3464,861,287,933,361,71,73
traffic.mp4,550,11.0,3,motorcycle,0.3258,622,565,672,662,49,96
traffic.mp4,550,11.0,2,car,0.3253,825,92,883,152,57,60
traffic.mp4,550,11.0,3,motorcycle,0.3008,511,588,590,715,79,127
traffic.mp4,550,11.0,7,truck,0.2756,0,5,186,326,185,321
traffic.mp4,550,11.0,2,car,0.2558,464,148,551,242,86,93
traffic.mp4,550,11.0,3,motorcycle,0.2551,263,355,337,433,73,77
