row_type,video,interval_seconds,start_frame,end_frame,interval_duration_seconds,unique_active_identities,trajectory_observations,activity_rate_ids_per_sec,traffic_condition,rule_applied,support_margin_to_boundary
interval,low traffic.mp4,0.0-5.0,0,119,5.0,10,332,2.0,MODERATE,1.0 <= activity_rate 2.00 < 4.0  ->  MODERATE,1.0
interval,low traffic.mp4,5.0-10.0,120,239,5.0,6,199,1.2,MODERATE,1.0 <= activity_rate 1.20 < 4.0  ->  MODERATE,0.2
interval,low traffic.mp4,10.0-15.0,240,359,5.0,9,226,1.8,MODERATE,1.0 <= activity_rate 1.80 < 4.0  ->  MODERATE,0.8
interval,low traffic.mp4,15.0-20.0,360,479,5.0,11,311,2.2,MODERATE,1.0 <= activity_rate 2.20 < 4.0  ->  MODERATE,1.2
interval,low traffic.mp4,20.0-25.0,480,598,5.0,8,334,1.6,MODERATE,1.0 <= activity_rate 1.60 < 4.0  ->  MODERATE,0.6
interval,low traffic.mp4,25.0-30.0,599,718,5.0,10,284,2.0,MODERATE,1.0 <= activity_rate 2.00 < 4.0  ->  MODERATE,1.0
interval,low traffic.mp4,30.0-30.9,719,740,0.9,2,37,2.2222,MODERATE,1.0 <= activity_rate 2.22 < 4.0  ->  MODERATE,1.2222
interval,no traffic video.mp4,0.0-5.0,0,299,5.0,1,299,0.2,LOW,activity_rate 0.20 < 1.0  ->  LOW,0.8
interval,no traffic video.mp4,5.0-10.0,300,598,5.0,2,424,0.4,LOW,activity_rate 0.40 < 1.0  ->  LOW,0.6
interval,no traffic video.mp4,10.0-15.0,599,898,5.0,4,380,0.8,LOW,activity_rate 0.80 < 1.0  ->  LOW,0.2
interval,no traffic video.mp4,15.0-19.7,899,1179,4.7,2,327,0.4255,LOW,activity_rate 0.43 < 1.0  ->  LOW,0.5745
interval,traffic.mp4,0.0-3.0,0,149,3.0,35,3186,11.6667,CONGESTED,activity_rate 11.67 >= 8.0  ->  CONGESTED,3.6667
interval,traffic.mp4,3.0-6.0,150,299,3.0,31,3179,10.3333,CONGESTED,activity_rate 10.33 >= 8.0  ->  CONGESTED,2.3333
interval,traffic.mp4,6.0-9.0,300,449,3.0,34,2930,11.3333,CONGESTED,activity_rate 11.33 >= 8.0  ->  CONGESTED,3.3333
interval,traffic.mp4,9.0-12.0,450,599,3.0,40,3043,13.3333,CONGESTED,activity_rate 13.33 >= 8.0  ->  CONGESTED,5.3333
video_overview,low traffic.mp4,ALL intervals,,,,,,1.8603,MODERATE,1.0 <= activity_rate 1.86 < 4.0  ->  MODERATE,0.8603
video_overview,no traffic video.mp4,ALL intervals,,,,,,0.4564,LOW,activity_rate 0.46 < 1.0  ->  LOW,0.5436
video_overview,traffic.mp4,ALL intervals,,,,,,11.6667,CONGESTED,activity_rate 11.67 >= 8.0  ->  CONGESTED,3.6667
