video,track_id,vehicle_class,coco_class_id,first_frame,last_frame,first_timestamp,last_timestamp,frames_tracked,class_agreement,confidence_average,vehicle_class_stable,coco_class_id_stable,class_agreement_stable,hysteresis_switches
low traffic.mp4,1,car,2,0,22,0.0,0.918,23,1.0,0.7624,car,2,1.0,0
low traffic.mp4,2,car,2,0,29,0.0,1.21,30,1.0,0.8518,car,2,1.0,0
low traffic.mp4,3,car,2,0,70,0.0,2.92,71,1.0,0.8638,car,2,1.0,0
low traffic.mp4,4,car,2,0,51,0.0,2.127,49,1.0,0.5807,car,2,1.0,0
low traffic.mp4,5,car,2,2,40,0.083,1.668,21,1.0,0.687,car,2,1.0,0
low traffic.mp4,11,car,2,32,36,1.335,1.501,5,1.0,0.667,car,2,1.0,0
low traffic.mp4,13,car,2,36,68,1.501,2.836,33,1.0,0.7848,car,2,1.0,0
low traffic.mp4,15,car,2,37,69,1.543,2.878,33,1.0,0.8512,car,2,1.0,0
low traffic.mp4,18,car,2,65,98,2.711,4.087,34,1.0,0.7674,car,2,1.0,0
low traffic.mp4,19,car,2,65,101,2.711,4.213,8,1.0,0.5468,car,2,1.0,0
low traffic.mp4,25,car,2,95,175,3.962,7.299,81,1.0,0.8644,car,2,1.0,0
low traffic.mp4,27,car,2,138,168,5.756,7.007,31,1.0,0.8089,car,2,1.0,0
low traffic.mp4,28,car,2,168,296,7.007,12.346,129,1.0,0.8641,car,2,1.0,0
low traffic.mp4,29,car,2,184,186,7.674,7.758,3,1.0,0.5855,car,2,1.0,0
low traffic.mp4,31,car,2,185,193,7.716,8.05,9,1.0,0.7094,car,2,1.0,0
low traffic.mp4,32,car,2,188,216,7.841,9.009,25,1.0,0.826,car,2,1.0,0
low traffic.mp4,34,car,2,237,242,9.885,10.093,6,1.0,0.6145,car,2,1.0,0
low traffic.mp4,35,car,2,266,366,11.094,15.265,101,1.0,0.8367,car,2,1.0,0
low traffic.mp4,36,car,2,292,292,12.179,12.179,1,1.0,0.468,car,2,1.0,0
low traffic.mp4,41,car,2,308,340,12.846,14.181,33,1.0,0.8163,car,2,1.0,0
low traffic.mp4,42,car,2,309,334,12.888,13.931,26,1.0,0.8255,car,2,1.0,0
low traffic.mp4,43,car,2,327,327,13.639,13.639,1,1.0,0.3974,car,2,1.0,0
low traffic.mp4,44,car,2,336,336,14.014,14.014,1,1.0,0.6279,car,2,1.0,0
low traffic.mp4,45,car,2,348,348,14.514,14.514,1,1.0,0.5686,car,2,1.0,0
low traffic.mp4,46,car,2,351,501,14.64,20.896,144,1.0,0.8329,car,2,1.0,0
low traffic.mp4,47,car,2,368,369,15.349,15.39,2,1.0,0.6769,car,2,1.0,0
low traffic.mp4,49,car,2,383,452,15.974,18.852,70,1.0,0.8516,car,2,1.0,0
low traffic.mp4,51,car,2,406,430,16.934,17.935,24,1.0,0.7783,car,2,1.0,0
low traffic.mp4,54,car,2,412,414,17.184,17.267,3,1.0,0.5491,car,2,1.0,0
low traffic.mp4,55,car,2,415,462,17.309,19.269,48,1.0,0.8528,car,2,1.0,0
low traffic.mp4,56,car,2,434,451,18.101,18.81,18,1.0,0.8475,car,2,1.0,0
low traffic.mp4,59,car,2,460,512,19.186,21.355,53,1.0,0.7272,car,2,1.0,0
low traffic.mp4,60,car,2,475,522,19.811,21.772,48,1.0,0.8021,car,2,1.0,0
low traffic.mp4,63,car,2,479,479,19.978,19.978,1,1.0,0.365,car,2,1.0,0
low traffic.mp4,65,car,2,501,599,20.896,24.983,99,1.0,0.837,car,2,1.0,0
low traffic.mp4,66,car,2,503,657,20.979,27.402,124,0.6694,0.698,car,2,0.629,4
low traffic.mp4,70,car,2,530,531,22.105,22.147,2,1.0,0.5865,car,2,1.0,0
low traffic.mp4,72,car,2,536,572,22.356,23.857,37,1.0,0.8304,car,2,1.0,0
low traffic.mp4,76,car,2,568,606,23.69,25.275,28,0.75,0.5875,car,2,0.7857,1
low traffic.mp4,79,car,2,592,660,24.691,27.527,56,1.0,0.84,car,2,1.0,0
low traffic.mp4,81,car,2,601,601,25.067,25.067,1,1.0,0.6355,car,2,1.0,0
low traffic.mp4,84,car,2,617,620,25.734,25.859,4,1.0,0.4629,car,2,1.0,0
low traffic.mp4,85,car,2,623,657,25.984,27.402,32,0.7812,0.5412,car,2,0.6562,1
low traffic.mp4,86,car,2,629,631,26.235,26.318,3,1.0,0.428,car,2,1.0,0
low traffic.mp4,89,car,2,646,706,26.944,29.446,61,1.0,0.8617,car,2,1.0,0
low traffic.mp4,90,truck,7,652,740,27.194,30.864,83,0.6867,0.6711,truck,7,0.6747,3
low traffic.mp4,91,car,2,655,660,27.319,27.527,3,1.0,0.4961,car,2,1.0,0
low traffic.mp4,98,car,2,689,690,28.737,28.779,2,1.0,0.6138,car,2,1.0,0
low traffic.mp4,101,truck,7,700,700,29.196,29.196,1,1.0,0.395,truck,7,1.0,0
low traffic.mp4,102,car,2,704,704,29.363,29.363,1,1.0,0.5022,car,2,1.0,0
low traffic.mp4,103,truck,7,715,718,29.821,29.947,4,1.0,0.5086,truck,7,1.0,0
low traffic.mp4,107,car,2,725,740,30.239,30.864,16,1.0,0.8456,car,2,1.0,0
no traffic video.mp4,111,bus,5,1,980,0.017,16.35,932,1.0,0.7079,bus,5,1.0,0
no traffic video.mp4,112,bicycle,1,416,429,6.94,7.157,14,1.0,0.4718,bicycle,1,1.0,0
no traffic video.mp4,114,bicycle,1,436,658,7.274,10.978,205,0.839,0.6017,bicycle,1,0.8585,3
no traffic video.mp4,117,car,2,603,637,10.06,10.627,25,1.0,0.4648,car,2,1.0,0
no traffic video.mp4,118,bicycle,1,609,609,10.16,10.16,1,1.0,0.4107,bicycle,1,1.0,0
no traffic video.mp4,119,car,2,619,629,10.327,10.494,8,0.625,0.435,car,2,1.0,0
no traffic video.mp4,121,car,2,934,1179,15.582,19.67,245,1.0,0.8246,car,2,1.0,0
traffic.mp4,123,car,2,1,540,0.02,10.8,514,1.0,0.7111,car,2,1.0,0
traffic.mp4,124,car,2,1,599,0.02,11.98,599,1.0,0.7764,car,2,1.0,0
traffic.mp4,125,car,2,1,599,0.02,11.98,599,1.0,0.796,car,2,1.0,0
traffic.mp4,126,car,2,1,303,0.02,6.06,296,1.0,0.6706,car,2,1.0,0
traffic.mp4,127,car,2,1,329,0.02,6.58,324,1.0,0.7655,car,2,1.0,0
traffic.mp4,128,car,2,1,525,0.02,10.5,525,1.0,0.7291,car,2,1.0,0
traffic.mp4,129,car,2,1,450,0.02,9.0,445,1.0,0.72,car,2,1.0,0
traffic.mp4,130,car,2,1,599,0.02,11.98,596,1.0,0.6472,car,2,1.0,0
traffic.mp4,131,car,2,1,222,0.02,4.44,221,0.9955,0.602,car,2,1.0,0
traffic.mp4,132,car,2,1,51,0.02,1.02,50,1.0,0.5325,car,2,1.0,0
traffic.mp4,133,car,2,1,29,0.02,0.58,27,1.0,0.4848,car,2,1.0,0
traffic.mp4,134,car,2,1,599,0.02,11.98,593,1.0,0.5127,car,2,1.0,0
traffic.mp4,135,car,2,1,599,0.02,11.98,599,1.0,0.5983,car,2,1.0,0
traffic.mp4,136,car,2,1,599,0.02,11.98,599,1.0,0.6871,car,2,1.0,0
traffic.mp4,137,car,2,1,565,0.02,11.3,565,1.0,0.6682,car,2,1.0,0
traffic.mp4,138,bus,5,1,599,0.02,11.98,564,0.6525,0.4282,bus,5,0.6702,14
traffic.mp4,139,car,2,1,16,0.02,0.32,10,1.0,0.3369,car,2,1.0,0
traffic.mp4,140,car,2,1,47,0.02,0.94,47,1.0,0.4374,car,2,1.0,0
traffic.mp4,141,car,2,1,20,0.02,0.4,16,1.0,0.3567,car,2,1.0,0
traffic.mp4,142,car,2,1,599,0.02,11.98,594,1.0,0.7053,car,2,1.0,0
traffic.mp4,143,bus,5,1,599,0.02,11.98,599,1.0,0.8058,bus,5,1.0,0
traffic.mp4,144,motorcycle,3,2,81,0.04,1.62,51,1.0,0.4656,motorcycle,3,1.0,0
traffic.mp4,145,car,2,5,599,0.1,11.98,531,0.8983,0.4551,car,2,0.9379,4
traffic.mp4,146,motorcycle,3,11,48,0.22,0.96,7,1.0,0.316,motorcycle,3,1.0,0
traffic.mp4,147,motorcycle,3,13,15,0.26,0.3,3,1.0,0.3086,motorcycle,3,1.0,0
traffic.mp4,148,motorcycle,3,15,204,0.3,4.08,145,1.0,0.408,motorcycle,3,1.0,0
traffic.mp4,149,motorcycle,3,28,97,0.56,1.94,57,1.0,0.3521,motorcycle,3,1.0,0
traffic.mp4,150,car,2,35,108,0.7,2.16,71,1.0,0.3472,car,2,1.0,0
traffic.mp4,151,motorcycle,3,47,105,0.94,2.1,34,1.0,0.3394,motorcycle,3,1.0,0
traffic.mp4,153,motorcycle,3,52,55,1.04,1.1,4,1.0,0.3434,motorcycle,3,1.0,0
traffic.mp4,154,motorcycle,3,53,71,1.06,1.42,18,1.0,0.4108,motorcycle,3,1.0,0
traffic.mp4,156,motorcycle,3,80,93,1.6,1.86,5,1.0,0.2735,motorcycle,3,1.0,0
traffic.mp4,157,motorcycle,3,85,92,1.7,1.84,7,1.0,0.3946,motorcycle,3,1.0,0
traffic.mp4,158,motorcycle,3,86,169,1.72,3.38,68,1.0,0.506,motorcycle,3,1.0,0
traffic.mp4,159,motorcycle,3,91,146,1.82,2.92,33,1.0,0.3991,motorcycle,3,1.0,0
traffic.mp4,160,car,2,93,94,1.86,1.88,2,0.5,0.3563,truck,7,1.0,0
traffic.mp4,162,motorcycle,3,118,274,2.36,5.48,138,1.0,0.4891,motorcycle,3,1.0,0
traffic.mp4,163,car,2,120,599,2.4,11.98,461,1.0,0.4968,car,2,1.0,0
traffic.mp4,164,truck,7,134,193,2.68,3.86,34,1.0,0.298,truck,7,1.0,0
traffic.mp4,165,motorcycle,3,158,208,3.16,4.16,45,1.0,0.386,motorcycle,3,1.0,0
traffic.mp4,167,truck,7,174,174,3.48,3.48,1,1.0,0.3567,truck,7,1.0,0
traffic.mp4,168,car,2,180,599,3.6,11.98,413,1.0,0.5911,car,2,1.0,0
traffic.mp4,169,motorcycle,3,184,238,3.68,4.76,55,1.0,0.5854,motorcycle,3,1.0,0
traffic.mp4,171,motorcycle,3,203,341,4.06,6.82,131,1.0,0.5007,motorcycle,3,1.0,0
traffic.mp4,173,motorcycle,3,220,241,4.4,4.82,19,1.0,0.3362,motorcycle,3,1.0,0
traffic.mp4,174,motorcycle,3,227,229,4.54,4.58,3,1.0,0.3218,motorcycle,3,1.0,0
traffic.mp4,176,car,2,239,274,4.78,5.48,13,0.8462,0.3036,car,2,1.0,0
traffic.mp4,177,motorcycle,3,243,424,4.86,8.48,165,1.0,0.5166,motorcycle,3,1.0,0
traffic.mp4,178,car,2,271,286,5.42,5.72,16,1.0,0.4286,car,2,1.0,0
traffic.mp4,179,motorcycle,3,273,317,5.46,6.34,24,1.0,0.3187,motorcycle,3,1.0,0
traffic.mp4,180,motorcycle,3,307,313,6.14,6.26,7,1.0,0.391,motorcycle,3,1.0,0
traffic.mp4,181,motorcycle,3,315,354,6.3,7.08,20,1.0,0.324,motorcycle,3,1.0,0
traffic.mp4,182,car,2,315,599,6.3,11.98,281,1.0,0.4804,car,2,1.0,0
traffic.mp4,184,motorcycle,3,322,366,6.44,7.32,34,1.0,0.435,motorcycle,3,1.0,0
traffic.mp4,186,truck,7,339,346,6.78,6.92,8,0.625,0.349,truck,7,1.0,0
traffic.mp4,189,motorcycle,3,351,531,7.02,10.62,168,1.0,0.4542,motorcycle,3,1.0,0
traffic.mp4,192,car,2,395,454,7.9,9.08,26,1.0,0.2825,car,2,1.0,0
traffic.mp4,196,motorcycle,3,413,426,8.26,8.52,14,1.0,0.3463,motorcycle,3,1.0,0
traffic.mp4,197,motorcycle,3,413,599,8.26,11.98,165,1.0,0.6119,motorcycle,3,1.0,0
traffic.mp4,198,bus,5,420,470,8.4,9.4,22,1.0,0.314,bus,5,1.0,0
traffic.mp4,199,motorcycle,3,425,455,8.5,9.1,11,1.0,0.3943,motorcycle,3,1.0,0
traffic.mp4,200,car,2,443,599,8.86,11.98,157,1.0,0.4614,car,2,1.0,0
traffic.mp4,201,motorcycle,3,448,463,8.96,9.26,10,1.0,0.3454,motorcycle,3,1.0,0
traffic.mp4,203,truck,7,451,599,9.02,11.98,80,1.0,0.3247,truck,7,1.0,0
traffic.mp4,204,car,2,454,515,9.08,10.3,41,1.0,0.32,car,2,1.0,0
traffic.mp4,206,bus,5,459,461,9.18,9.22,3,1.0,0.3313,bus,5,1.0,0
traffic.mp4,207,motorcycle,3,472,498,9.44,9.96,20,1.0,0.4065,motorcycle,3,1.0,0
traffic.mp4,208,car,2,476,507,9.52,10.14,32,1.0,0.3268,car,2,1.0,0
traffic.mp4,210,motorcycle,3,484,485,9.68,9.7,2,1.0,0.3543,motorcycle,3,1.0,0
traffic.mp4,212,car,2,502,528,10.04,10.56,21,1.0,0.3024,car,2,1.0,0
traffic.mp4,215,car,2,515,599,10.3,11.98,39,1.0,0.3429,car,2,1.0,0
traffic.mp4,217,motorcycle,3,531,584,10.62,11.68,45,1.0,0.3927,motorcycle,3,1.0,0
traffic.mp4,218,car,2,537,599,10.74,11.98,48,1.0,0.3172,car,2,1.0,0
traffic.mp4,219,bus,5,539,545,10.78,10.9,7,0.7143,0.3308,bus,5,1.0,0
traffic.mp4,220,motorcycle,3,543,545,10.86,10.9,2,1.0,0.3355,motorcycle,3,1.0,0
traffic.mp4,221,motorcycle,3,546,559,10.92,11.18,14,1.0,0.3821,motorcycle,3,1.0,0
traffic.mp4,222,bus,5,550,552,11.0,11.04,3,1.0,0.3907,bus,5,1.0,0
traffic.mp4,223,motorcycle,3,550,599,11.0,11.98,45,1.0,0.4065,motorcycle,3,1.0,0
traffic.mp4,224,bus,5,556,566,11.12,11.32,11,0.6364,0.4533,truck,7,0.5455,1
traffic.mp4,227,motorcycle,3,569,599,11.38,11.98,21,1.0,0.3646,motorcycle,3,1.0,0
traffic.mp4,228,truck,7,575,575,11.5,11.5,1,1.0,0.4109,truck,7,1.0,0
traffic.mp4,229,truck,7,579,580,11.58,11.6,2,1.0,0.4255,truck,7,1.0,0
traffic.mp4,230,truck,7,584,585,11.68,11.7,2,0.5,0.375,bus,5,1.0,0
traffic.mp4,232,motorcycle,3,587,599,11.74,11.98,13,1.0,0.5122,motorcycle,3,1.0,0
traffic.mp4,233,motorcycle,3,589,599,11.78,11.98,11,1.0,0.4911,motorcycle,3,1.0,0
traffic.mp4,234,truck,7,590,596,11.8,11.92,7,1.0,0.4303,truck,7,1.0,0
traffic.mp4,235,bus,5,593,599,11.86,11.98,7,1.0,0.3352,bus,5,1.0,0
traffic.mp4,236,truck,7,599,599,11.98,11.98,1,1.0,0.4967,truck,7,1.0,0
traffic.mp4,237,car,2,599,599,11.98,11.98,1,1.0,0.3262,car,2,1.0,0
