video,fragment_id,parent_id,fragment_class,parent_class,fragment_class_raw,parent_class_raw,fragment_frames,parent_frames,fragment_first_frame,fragment_last_frame,parent_first_frame,parent_last_frame,frame_gap,centroid_distance_px,boundary_iou,width_ratio,fragment_confidence_avg,parent_confidence_avg,tier,decision,direction,reason
low traffic.mp4,84,66,car,car,car,car,4,124,617,620,503,657,-4,5.0,0.8831,0.096,0.4629,0.698,Tier1,AUTO_CANDIDATE,overlap,same stable class (car vs car); gap=-4 (overlap); dist=5.0px; IoU=0.883; widthRatio=0.10
low traffic.mp4,47,49,car,car,car,car,2,70,368,369,383,452,14,12.8,0.4679,0.196,0.6769,0.8516,Tier1,AUTO_CANDIDATE,fragment_before_parent,same stable class (car vs car); gap=14 (fragment_before_parent); dist=12.8px; IoU=0.468; widthRatio=0.20
low traffic.mp4,29,32,car,car,car,car,3,25,184,186,188,216,2,23.0,0.4518,0.429,0.5856,0.826,Tier1,AUTO_CANDIDATE,fragment_before_parent,same stable class (car vs car); gap=2 (fragment_before_parent); dist=23.0px; IoU=0.452; widthRatio=0.43
low traffic.mp4,91,79,car,car,car,car,3,56,655,660,592,660,-6,83.7,0.4972,0.431,0.4961,0.84,Tier2,REVIEW,overlap,same stable class (car vs car); gap=-6 (overlap); dist=83.7px; IoU=0.497; widthRatio=0.43
no traffic video.mp4,112,114,bicycle,bicycle,bicycle,bicycle,14,205,416,429,436,658,7,34.2,0.494,0.116,0.4718,0.6017,Tier1,AUTO_CANDIDATE,fragment_before_parent,same stable class (bicycle vs bicycle); gap=7 (fragment_before_parent); dist=34.2px; IoU=0.494; widthRatio=0.12
traffic.mp4,222,138,bus,bus,bus,bus,3,564,550,552,1,599,-3,0.5,0.9881,0.007,0.3907,0.4282,Tier1,AUTO_CANDIDATE,overlap,same stable class (bus vs bus); gap=-3 (overlap); dist=0.5px; IoU=0.988; widthRatio=0.01
traffic.mp4,219,138,bus,bus,bus,bus,7,564,539,545,1,599,-7,0.9,0.9818,0.013,0.3307,0.4282,Tier1,AUTO_CANDIDATE,overlap,same stable class (bus vs bus); gap=-7 (overlap); dist=0.9px; IoU=0.982; widthRatio=0.01
traffic.mp4,206,138,bus,bus,bus,bus,3,564,459,461,1,599,-3,0.6,0.9795,0.015,0.3313,0.4282,Tier1,AUTO_CANDIDATE,overlap,same stable class (bus vs bus); gap=-3 (overlap); dist=0.6px; IoU=0.979; widthRatio=0.02
traffic.mp4,230,138,bus,bus,bus,bus,2,564,584,585,1,599,-2,1.0,0.9589,0.037,0.375,0.4282,Tier1,AUTO_CANDIDATE,overlap,same stable class (bus vs bus); gap=-2 (overlap); dist=1.0px; IoU=0.959; widthRatio=0.04
traffic.mp4,220,189,motorcycle,motorcycle,motorcycle,motorcycle,2,168,543,545,351,531,12,8.2,0.6619,0.241,0.3355,0.4542,Tier1,AUTO_CANDIDATE,parent_before_fragment,same stable class (motorcycle vs motorcycle); gap=12 (parent_before_fragment); dist=8.2px; IoU=0.662; widthRatio=0.24
traffic.mp4,176,131,car,car,car,car,13,221,239,274,1,222,17,15.0,0.511,0.391,0.3036,0.602,Tier2,REVIEW,parent_before_fragment,same stable class (car vs car); gap=17 (parent_before_fragment); dist=15.0px; IoU=0.511; widthRatio=0.39
traffic.mp4,220,217,motorcycle,motorcycle,motorcycle,motorcycle,2,45,543,545,531,584,-3,34.7,0.3979,0.153,0.3355,0.3927,Tier2,REVIEW,overlap,same stable class (motorcycle vs motorcycle); gap=-3 (overlap); dist=34.7px; IoU=0.398; widthRatio=0.15
