row,video,class,original_raw,corrected_raw,raw_delta,original_stable,corrected_stable,stable_delta
1,low traffic.mp4,car,47,45,-2,47,45,-2
2,low traffic.mp4,motorcycle,0,0,0,0,0,0
3,low traffic.mp4,bus,0,0,0,0,0,0
4,low traffic.mp4,truck,3,2,-1,3,2,-1
5,low traffic.mp4,bicycle,0,0,0,0,0,0
6,low traffic.mp4,__TOTAL__,50,47,-3,50,47,-3
7,no traffic video.mp4,car,3,3,0,3,3,0
8,no traffic video.mp4,motorcycle,0,0,0,0,0,0
9,no traffic video.mp4,bus,1,1,0,1,1,0
10,no traffic video.mp4,truck,0,0,0,0,0,0
11,no traffic video.mp4,bicycle,2,2,0,2,2,0
12,no traffic video.mp4,__TOTAL__,6,6,0,6,6,0
13,traffic.mp4,car,35,35,0,34,34,0
14,traffic.mp4,motorcycle,36,36,0,36,36,0
15,traffic.mp4,bus,6,5,-1,5,4,-1
16,traffic.mp4,truck,8,8,0,10,10,0
17,traffic.mp4,bicycle,0,0,0,0,0,0
18,traffic.mp4,__TOTAL__,85,84,-1,85,84,-1
19,__ALL_VIDEOS__,__TOTAL__,141,137,-4,141,137,-4
