candidate_id,priority,video,track_ids,frame_window_start,frame_window_end,classes,reason,clip_path,decision
P1_truckchain,Priority1,traffic.mp4,138+224+228+229+234+236,530,599,bus+truck+truck+truck+truck+truck,"Sequential truck/bus fragments (224,228,229,234,236) within bus 138's end-of-video coverage (556-599); likely one fragmented identity overlapping canonical 138",C:\Users\haris\Traffic_project_ML\data\processed\level7\level7c_visual_verification\clip_P1_truckchain.mp4,
P2_low_101_vs_90,Priority2,low traffic.mp4,90+101,690,712,truck+truck,1-frame truck fragment 101 (f700) sits on long truck 90 (f652-740) at centroid distance ~3.5px; likely same vehicle,C:\Users\haris\Traffic_project_ML\data\processed\level7\level7c_visual_verification\clip_P2_low_101_vs_90.mp4,
P2_no_118_vs_114,Priority2,no traffic video.mp4,114+118,600,620,bicycle+bicycle,1-frame bicycle fragment 118 (f609) sits on long bicycle 114 (f416-658) at centroid distance ~2.2px; likely same vehicle,C:\Users\haris\Traffic_project_ML\data\processed\level7\level7c_visual_verification\clip_P2_no_118_vs_114.mp4,
P2_167_vs_126,Priority2,traffic.mp4,126+167,165,185,car+truck,1-frame truck fragment 167 (f174) sits on long truck 126 (f1-303) at centroid distance ~1.6px; likely same vehicle,C:\Users\haris\Traffic_project_ML\data\processed\level7\level7c_visual_verification\clip_P2_167_vs_126.mp4,
P2_160_vs_131,Priority2,traffic.mp4,131+160,85,104,car+truck,2-frame car->truck fragment 160 (f93-94) sits on long car 131 (f1-222) at centroid distance ~2.0px; likely same vehicle,C:\Users\haris\Traffic_project_ML\data\processed\level7\level7c_visual_verification\clip_P2_160_vs_131.mp4,
P3_low_45_vs_46,Priority3,low traffic.mp4,45+46,340,368,car+car,"1-frame car 45 (f348) immediately precedes car 46 (f351-501), boundary centroid distance ~34px; possible re-issue after occlusion",C:\Users\haris\Traffic_project_ML\data\processed\level7\level7c_visual_verification\clip_P3_low_45_vs_46.mp4,
P3_low_65_vs_79,Priority3,low traffic.mp4,65+79,585,612,car+car,"Car 65 (f501-599) overlaps car 79 (f592-660) for 7 frames with max IoU 0.55, mean centroid distance ~52px; possible duplicated identity",C:\Users\haris\Traffic_project_ML\data\processed\level7\level7c_visual_verification\clip_P3_low_65_vs_79.mp4,
P3_131_vs_176,Priority3,traffic.mp4,131+176,214,246,car+car,"Car 131 ends f222; car 176 runs f239-274 (gap 17), boundary centroid distance ~15px; possible re-issue after occlusion",C:\Users\haris\Traffic_project_ML\data\processed\level7\level7c_visual_verification\clip_P3_131_vs_176.mp4,
P3_146_vs_153,Priority3,traffic.mp4,146+153,40,64,motorcycle+motorcycle,"Motorcycle 146 ends f48; motorcycle 153 runs f52-55 (gap 4), boundary centroid distance ~6.4px; possible re-issue after occlusion",C:\Users\haris\Traffic_project_ML\data\processed\level7\level7c_visual_verification\clip_P3_146_vs_153.mp4,
P3_150_vs_163,Priority3,traffic.mp4,150+163,102,128,car+car,"Car 150 ends f108; car 163 runs f120-599 (gap 12), boundary centroid distance ~16.8px; possible re-issue after occlusion",C:\Users\haris\Traffic_project_ML\data\processed\level7\level7c_visual_verification\clip_P3_150_vs_163.mp4,
