route_id,cctv_id,video,track_id,vehicle_class,coco_class_id,first_frame,last_frame,first_timestamp,last_timestamp,frames_tracked,class_agreement,confidence_average,vehicle_class_stable,coco_class_id_stable,class_agreement_stable,hysteresis_switches
route_a,CCTV-A01,CCTV-A01.mp4,1,car,2,0,44,0.0,1.76,45,1.0,0.745,car,2,1.0,0
route_a,CCTV-A01,CCTV-A01.mp4,2,car,2,0,47,0.0,1.88,48,1.0,0.755,car,2,1.0,0
route_a,CCTV-A01,CCTV-A01.mp4,3,car,2,0,61,0.0,2.44,61,1.0,0.7194,car,2,1.0,0
route_a,CCTV-A01,CCTV-A01.mp4,4,car,2,0,50,0.0,2.0,49,1.0,0.657,car,2,1.0,0
route_a,CCTV-A01,CCTV-A01.mp4,5,car,2,0,29,0.0,1.16,28,1.0,0.5375,car,2,1.0,0
route_a,CCTV-A01,CCTV-A01.mp4,6,car,2,0,29,0.0,1.16,25,1.0,0.4277,car,2,1.0,0
route_a,CCTV-A01,CCTV-A01.mp4,7,car,2,0,120,0.0,4.8,109,1.0,0.6034,car,2,1.0,0
route_a,CCTV-A01,CCTV-A01.mp4,8,car,2,0,6,0.0,0.24,7,1.0,0.3863,car,2,1.0,0
route_a,CCTV-A01,CCTV-A01.mp4,9,car,2,0,97,0.0,3.88,97,0.9897,0.6493,car,2,1.0,0
route_a,CCTV-A01,CCTV-A01.mp4,10,car,2,2,39,0.08,1.56,38,1.0,0.5882,car,2,1.0,0
route_a,CCTV-A01,CCTV-A01.mp4,11,car,2,6,116,0.24,4.64,111,1.0,0.7381,car,2,1.0,0
route_a,CCTV-A01,CCTV-A01.mp4,12,car,2,14,36,0.56,1.44,16,1.0,0.3773,car,2,1.0,0
route_a,CCTV-A01,CCTV-A01.mp4,13,car,2,15,32,0.6,1.28,15,1.0,0.3792,car,2,1.0,0
route_a,CCTV-A01,CCTV-A01.mp4,16,car,2,28,148,1.12,5.92,96,1.0,0.6326,car,2,1.0,0
route_a,CCTV-A01,CCTV-A01.mp4,19,car,2,41,194,1.64,7.76,136,0.8162,0.4486,car,2,0.9338,2
route_a,CCTV-A01,CCTV-A01.mp4,24,car,2,48,51,1.92,2.04,4,1.0,0.3399,car,2,1.0,0
route_a,CCTV-A01,CCTV-A01.mp4,25,truck,7,49,54,1.96,2.16,6,0.8333,0.4492,truck,7,1.0,0
route_a,CCTV-A01,CCTV-A01.mp4,28,car,2,57,67,2.28,2.68,7,1.0,0.3325,car,2,1.0,0
route_a,CCTV-A01,CCTV-A01.mp4,29,car,2,60,167,2.4,6.68,108,1.0,0.7237,car,2,1.0,0
route_a,CCTV-A01,CCTV-A01.mp4,31,car,2,72,230,2.88,9.2,152,0.9408,0.5759,car,2,1.0,0
route_a,CCTV-A01,CCTV-A01.mp4,32,car,2,80,97,3.2,3.88,18,1.0,0.3857,car,2,1.0,0
route_a,CCTV-A01,CCTV-A01.mp4,33,car,2,90,90,3.6,3.6,1,1.0,0.3444,car,2,1.0,0
route_a,CCTV-A01,CCTV-A01.mp4,35,car,2,108,117,4.32,4.68,6,1.0,0.3551,car,2,1.0,0
route_a,CCTV-A01,CCTV-A01.mp4,37,car,2,123,126,4.92,5.04,4,1.0,0.3235,car,2,1.0,0
route_a,CCTV-A01,CCTV-A01.mp4,38,truck,7,125,128,5.0,5.12,4,0.5,0.3364,truck,7,1.0,0
route_a,CCTV-A01,CCTV-A01.mp4,39,car,2,126,133,5.04,5.32,8,0.5,0.4326,truck,7,1.0,0
route_a,CCTV-A01,CCTV-A01.mp4,40,car,2,129,139,5.16,5.56,6,1.0,0.3426,car,2,1.0,0
route_a,CCTV-A01,CCTV-A01.mp4,41,car,2,133,220,5.32,8.8,79,1.0,0.5291,car,2,1.0,0
route_a,CCTV-A01,CCTV-A01.mp4,42,car,2,138,155,5.52,6.2,15,1.0,0.4839,car,2,1.0,0
route_a,CCTV-A01,CCTV-A01.mp4,44,car,2,141,259,5.64,10.36,112,1.0,0.7189,car,2,1.0,0
route_a,CCTV-A01,CCTV-A01.mp4,45,truck,7,144,148,5.76,5.92,5,1.0,0.4458,truck,7,1.0,0
route_a,CCTV-A01,CCTV-A01.mp4,46,car,2,152,229,6.08,9.16,77,1.0,0.6687,car,2,1.0,0
route_a,CCTV-A01,CCTV-A01.mp4,48,car,2,158,265,6.32,10.6,102,1.0,0.5581,car,2,1.0,0
route_a,CCTV-A01,CCTV-A01.mp4,49,car,2,160,160,6.4,6.4,1,1.0,0.4596,car,2,1.0,0
route_a,CCTV-A01,CCTV-A01.mp4,50,car,2,161,260,6.44,10.4,99,1.0,0.6048,car,2,1.0,0
route_a,CCTV-A01,CCTV-A01.mp4,52,car,2,162,216,6.48,8.64,55,1.0,0.7112,car,2,1.0,0
route_a,CCTV-A01,CCTV-A01.mp4,53,truck,7,163,165,6.52,6.6,3,0.6667,0.427,truck,7,1.0,0
route_a,CCTV-A01,CCTV-A01.mp4,55,car,2,165,226,6.6,9.04,61,1.0,0.5378,car,2,1.0,0
route_a,CCTV-A01,CCTV-A01.mp4,56,car,2,165,166,6.6,6.64,2,1.0,0.3702,car,2,1.0,0
route_a,CCTV-A01,CCTV-A01.mp4,57,car,2,167,237,6.68,9.48,54,1.0,0.4545,car,2,1.0,0
route_a,CCTV-A01,CCTV-A01.mp4,60,car,2,175,206,7.0,8.24,30,1.0,0.435,car,2,1.0,0
route_a,CCTV-A01,CCTV-A01.mp4,62,car,2,178,267,7.12,10.68,85,1.0,0.6251,car,2,1.0,0
route_a,CCTV-A01,CCTV-A01.mp4,67,car,2,184,278,7.36,11.12,80,1.0,0.6066,car,2,1.0,0
route_a,CCTV-A01,CCTV-A01.mp4,69,car,2,194,250,7.76,10.0,57,1.0,0.7276,car,2,1.0,0
route_a,CCTV-A01,CCTV-A01.mp4,71,car,2,203,250,8.12,10.0,47,1.0,0.5627,car,2,1.0,0
route_a,CCTV-A01,CCTV-A01.mp4,72,car,2,204,228,8.16,9.12,21,1.0,0.3743,car,2,1.0,0
route_a,CCTV-A01,CCTV-A01.mp4,74,car,2,207,258,8.28,10.32,44,1.0,0.5362,car,2,1.0,0
route_a,CCTV-A01,CCTV-A01.mp4,81,car,2,246,262,9.84,10.48,17,1.0,0.4198,car,2,1.0,0
route_a,CCTV-A01,CCTV-A01.mp4,82,car,2,253,267,10.12,10.68,12,1.0,0.3458,car,2,1.0,0
route_a,CCTV-A01,CCTV-A01.mp4,83,car,2,258,365,10.32,14.6,108,1.0,0.7202,car,2,1.0,0
route_a,CCTV-A01,CCTV-A01.mp4,85,car,2,262,266,10.48,10.64,3,1.0,0.4001,car,2,1.0,0
route_a,CCTV-A01,CCTV-A01.mp4,87,car,2,281,312,11.24,12.48,28,1.0,0.4041,car,2,1.0,0
route_a,CCTV-A01,CCTV-A01.mp4,88,car,2,291,374,11.64,14.96,78,1.0,0.5725,car,2,1.0,0
route_a,CCTV-A01,CCTV-A01.mp4,89,car,2,298,386,11.92,15.44,87,1.0,0.6872,car,2,1.0,0
route_a,CCTV-A01,CCTV-A01.mp4,90,car,2,300,351,12.0,14.04,51,1.0,0.4878,car,2,1.0,0
route_a,CCTV-A01,CCTV-A01.mp4,91,car,2,301,306,12.04,12.24,6,1.0,0.3622,car,2,1.0,0
route_a,CCTV-A01,CCTV-A01.mp4,92,car,2,314,437,12.56,17.48,124,1.0,0.6841,car,2,1.0,0
route_a,CCTV-A01,CCTV-A01.mp4,93,car,2,317,382,12.68,15.28,61,1.0,0.5041,car,2,1.0,0
route_a,CCTV-A01,CCTV-A01.mp4,94,car,2,318,408,12.72,16.32,91,1.0,0.6305,car,2,1.0,0
route_a,CCTV-A01,CCTV-A01.mp4,95,car,2,334,340,13.36,13.6,7,1.0,0.4611,car,2,1.0,0
route_a,CCTV-A01,CCTV-A01.mp4,97,car,2,347,468,13.88,18.72,122,1.0,0.7417,car,2,1.0,0
route_a,CCTV-A01,CCTV-A01.mp4,99,car,2,349,438,13.96,17.52,80,1.0,0.5029,car,2,1.0,0
route_a,CCTV-A01,CCTV-A01.mp4,101,car,2,354,363,14.16,14.52,10,1.0,0.3364,car,2,1.0,0
route_a,CCTV-A01,CCTV-A01.mp4,103,car,2,360,391,14.4,15.64,22,1.0,0.3522,car,2,1.0,0
route_a,CCTV-A01,CCTV-A01.mp4,104,car,2,360,514,14.4,20.56,152,1.0,0.5947,car,2,1.0,0
route_a,CCTV-A01,CCTV-A01.mp4,105,car,2,384,478,15.36,19.12,95,1.0,0.6105,car,2,1.0,0
route_a,CCTV-A01,CCTV-A01.mp4,108,car,2,418,514,16.72,20.56,97,1.0,0.6803,car,2,1.0,0
route_a,CCTV-A01,CCTV-A01.mp4,109,car,2,432,523,17.28,20.92,92,0.9891,0.585,car,2,1.0,0
route_a,CCTV-A01,CCTV-A01.mp4,114,bus,5,456,638,18.24,25.52,157,0.758,0.6082,bus,5,0.8726,2
route_a,CCTV-A01,CCTV-A01.mp4,115,car,2,458,476,18.32,19.04,14,1.0,0.4129,car,2,1.0,0
route_a,CCTV-A01,CCTV-A01.mp4,116,car,2,458,557,18.32,22.28,83,1.0,0.5514,car,2,1.0,0
route_a,CCTV-A01,CCTV-A01.mp4,117,car,2,461,529,18.44,21.16,63,1.0,0.5096,car,2,1.0,0
route_a,CCTV-A01,CCTV-A01.mp4,118,car,2,468,515,18.72,20.6,39,0.9487,0.4432,car,2,1.0,0
route_a,CCTV-A01,CCTV-A01.mp4,119,car,2,471,509,18.84,20.36,39,1.0,0.5991,car,2,1.0,0
route_a,CCTV-A01,CCTV-A01.mp4,120,car,2,479,516,19.16,20.64,16,1.0,0.3976,car,2,1.0,0
route_a,CCTV-A01,CCTV-A01.mp4,121,car,2,489,621,19.56,24.84,92,1.0,0.5086,car,2,1.0,0
route_a,CCTV-A01,CCTV-A01.mp4,122,car,2,489,492,19.56,19.68,4,1.0,0.5775,car,2,1.0,0
route_a,CCTV-A01,CCTV-A01.mp4,124,car,2,492,518,19.68,20.72,24,1.0,0.5265,car,2,1.0,0
route_a,CCTV-A01,CCTV-A01.mp4,125,car,2,495,582,19.8,23.28,67,1.0,0.4108,car,2,1.0,0
route_a,CCTV-A01,CCTV-A01.mp4,126,car,2,499,559,19.96,22.36,59,0.8644,0.6827,car,2,0.7966,1
route_a,CCTV-A01,CCTV-A01.mp4,127,car,2,502,515,20.08,20.6,13,1.0,0.4509,car,2,1.0,0
route_a,CCTV-A01,CCTV-A01.mp4,129,car,2,514,612,20.56,24.48,99,1.0,0.6893,car,2,1.0,0
route_a,CCTV-A01,CCTV-A01.mp4,130,car,2,518,572,20.72,22.88,55,1.0,0.601,car,2,1.0,0
route_a,CCTV-A01,CCTV-A01.mp4,134,car,2,548,594,21.92,23.76,41,1.0,0.6011,car,2,1.0,0
route_a,CCTV-A01,CCTV-A01.mp4,136,car,2,552,582,22.08,23.28,26,1.0,0.5016,car,2,1.0,0
route_a,CCTV-A01,CCTV-A01.mp4,138,car,2,557,602,22.28,24.08,43,1.0,0.5026,car,2,1.0,0
route_a,CCTV-A01,CCTV-A01.mp4,139,car,2,562,621,22.48,24.84,49,1.0,0.4481,car,2,1.0,0
route_a,CCTV-A01,CCTV-A01.mp4,140,car,2,570,570,22.8,22.8,1,1.0,0.5412,car,2,1.0,0
route_a,CCTV-A01,CCTV-A01.mp4,144,car,2,578,640,23.12,25.6,61,1.0,0.7065,car,2,1.0,0
route_a,CCTV-A01,CCTV-A01.mp4,147,car,2,582,655,23.28,26.2,68,1.0,0.4256,car,2,1.0,0
route_a,CCTV-A01,CCTV-A01.mp4,148,car,2,583,667,23.32,26.68,84,1.0,0.6348,car,2,1.0,0
route_a,CCTV-A01,CCTV-A01.mp4,152,car,2,590,620,23.6,24.8,31,1.0,0.4278,car,2,1.0,0
route_a,CCTV-A01,CCTV-A01.mp4,154,car,2,597,644,23.88,25.76,44,1.0,0.5096,car,2,1.0,0
route_a,CCTV-A01,CCTV-A01.mp4,158,car,2,602,656,24.08,26.24,51,1.0,0.6899,car,2,1.0,0
route_a,CCTV-A01,CCTV-A01.mp4,161,car,2,604,605,24.16,24.2,2,1.0,0.3769,car,2,1.0,0
route_a,CCTV-A01,CCTV-A01.mp4,162,car,2,605,610,24.2,24.4,5,1.0,0.4205,car,2,1.0,0
route_a,CCTV-A01,CCTV-A01.mp4,164,car,2,611,693,24.44,27.72,80,1.0,0.7222,car,2,1.0,0
route_a,CCTV-A01,CCTV-A01.mp4,165,car,2,612,721,24.48,28.84,107,1.0,0.6184,car,2,1.0,0
route_a,CCTV-A01,CCTV-A01.mp4,167,car,2,624,710,24.96,28.4,84,1.0,0.6746,car,2,1.0,0
route_a,CCTV-A01,CCTV-A01.mp4,168,car,2,628,629,25.12,25.16,2,1.0,0.3555,car,2,1.0,0
route_a,CCTV-A01,CCTV-A01.mp4,169,car,2,632,636,25.28,25.44,5,1.0,0.4104,car,2,1.0,0
route_a,CCTV-A01,CCTV-A01.mp4,171,car,2,636,647,25.44,25.88,10,0.8,0.4038,truck,7,1.0,0
route_a,CCTV-A01,CCTV-A01.mp4,174,car,2,640,789,25.6,31.56,147,0.8027,0.5802,car,2,0.8027,2
route_a,CCTV-A01,CCTV-A01.mp4,175,car,2,642,686,25.68,27.44,41,1.0,0.6448,car,2,1.0,0
route_a,CCTV-A01,CCTV-A01.mp4,178,car,2,651,707,26.04,28.28,52,1.0,0.4187,car,2,1.0,0
route_a,CCTV-A01,CCTV-A01.mp4,180,car,2,656,702,26.24,28.08,47,1.0,0.6824,car,2,1.0,0
route_a,CCTV-A01,CCTV-A01.mp4,181,car,2,657,792,26.28,31.68,136,1.0,0.6476,car,2,1.0,0
route_a,CCTV-A01,CCTV-A01.mp4,182,car,2,659,766,26.36,30.64,105,1.0,0.6406,car,2,1.0,0
route_a,CCTV-A01,CCTV-A01.mp4,184,car,2,667,762,26.68,30.48,81,1.0,0.4556,car,2,1.0,0
route_a,CCTV-A01,CCTV-A01.mp4,186,car,2,684,684,27.36,27.36,1,1.0,0.3582,car,2,1.0,0
route_a,CCTV-A01,CCTV-A01.mp4,187,car,2,685,731,27.4,29.24,43,1.0,0.6303,car,2,1.0,0
route_a,CCTV-A01,CCTV-A01.mp4,189,car,2,693,706,27.72,28.24,8,1.0,0.4517,car,2,1.0,0
route_a,CCTV-A01,CCTV-A01.mp4,190,car,2,700,725,28.0,29.0,23,1.0,0.4059,car,2,1.0,0
route_a,CCTV-A01,CCTV-A01.mp4,191,car,2,703,770,28.12,30.8,67,1.0,0.7276,car,2,1.0,0
route_a,CCTV-A01,CCTV-A01.mp4,192,car,2,704,830,28.16,33.2,127,1.0,0.7077,car,2,1.0,0
route_a,CCTV-A01,CCTV-A01.mp4,193,car,2,705,792,28.2,31.68,76,1.0,0.5081,car,2,1.0,0
route_a,CCTV-A01,CCTV-A01.mp4,194,truck,7,706,709,28.24,28.36,4,0.5,0.4173,truck,7,1.0,0
route_a,CCTV-A01,CCTV-A01.mp4,195,truck,7,716,717,28.64,28.68,2,0.5,0.4146,car,2,1.0,0
route_a,CCTV-A01,CCTV-A01.mp4,196,car,2,716,784,28.64,31.36,69,1.0,0.6735,car,2,1.0,0
route_a,CCTV-A01,CCTV-A01.mp4,197,car,2,718,834,28.72,33.36,99,1.0,0.626,car,2,1.0,0
route_a,CCTV-A01,CCTV-A01.mp4,202,car,2,731,851,29.24,34.04,120,1.0,0.5758,car,2,1.0,0
route_a,CCTV-A01,CCTV-A01.mp4,203,car,2,733,733,29.32,29.32,1,1.0,0.3653,car,2,1.0,0
route_a,CCTV-A01,CCTV-A01.mp4,205,car,2,743,808,29.72,32.32,66,1.0,0.6463,car,2,1.0,0
route_a,CCTV-A01,CCTV-A01.mp4,206,truck,7,746,749,29.84,29.96,4,0.5,0.373,car,2,1.0,0
route_a,CCTV-A01,CCTV-A01.mp4,207,car,2,755,873,30.2,34.92,119,1.0,0.7173,car,2,1.0,0
route_a,CCTV-A01,CCTV-A01.mp4,208,car,2,768,813,30.72,32.52,45,1.0,0.5291,car,2,1.0,0
route_a,CCTV-A01,CCTV-A01.mp4,209,car,2,770,834,30.8,33.36,54,1.0,0.6492,car,2,1.0,0
route_a,CCTV-A01,CCTV-A01.mp4,212,car,2,776,777,31.04,31.08,2,1.0,0.442,car,2,1.0,0
route_a,CCTV-A01,CCTV-A01.mp4,214,car,2,793,934,31.72,37.36,124,1.0,0.5768,car,2,1.0,0
route_a,CCTV-A01,CCTV-A01.mp4,218,car,2,819,914,32.76,36.56,76,1.0,0.3786,car,2,1.0,0
route_a,CCTV-A01,CCTV-A01.mp4,219,truck,7,820,944,32.8,37.76,108,0.5926,0.552,truck,7,0.5926,5
route_a,CCTV-A01,CCTV-A01.mp4,220,car,2,831,911,33.24,36.44,78,1.0,0.4666,car,2,1.0,0
route_a,CCTV-A01,CCTV-A01.mp4,221,bus,5,833,834,33.32,33.36,2,0.5,0.4282,truck,7,1.0,0
route_a,CCTV-A01,CCTV-A01.mp4,223,car,2,846,952,33.84,38.08,102,1.0,0.5177,car,2,1.0,0
route_a,CCTV-A01,CCTV-A01.mp4,224,car,2,847,970,33.88,38.8,124,1.0,0.6747,car,2,1.0,0
route_a,CCTV-A01,CCTV-A01.mp4,227,car,2,871,881,34.84,35.24,10,0.5,0.4063,car,2,0.9,1
route_a,CCTV-A01,CCTV-A01.mp4,232,bus,5,881,881,35.24,35.24,1,1.0,0.4131,bus,5,1.0,0
route_a,CCTV-A01,CCTV-A01.mp4,233,car,2,883,954,35.32,38.16,72,1.0,0.7298,car,2,1.0,0
route_a,CCTV-A01,CCTV-A01.mp4,234,car,2,884,975,35.36,39.0,73,1.0,0.469,car,2,1.0,0
route_a,CCTV-A01,CCTV-A01.mp4,235,bus,5,884,884,35.36,35.36,1,1.0,0.4177,bus,5,1.0,0
route_a,CCTV-A01,CCTV-A01.mp4,236,bus,5,889,891,35.56,35.64,3,1.0,0.4306,bus,5,1.0,0
route_a,CCTV-A01,CCTV-A01.mp4,237,car,2,892,896,35.68,35.84,5,1.0,0.4099,car,2,1.0,0
route_a,CCTV-A01,CCTV-A01.mp4,238,bus,5,895,897,35.8,35.88,3,0.6667,0.3837,bus,5,1.0,0
route_a,CCTV-A01,CCTV-A01.mp4,241,car,2,904,947,36.16,37.88,40,1.0,0.504,car,2,1.0,0
route_a,CCTV-A01,CCTV-A01.mp4,242,bus,5,911,911,36.44,36.44,1,1.0,0.4063,bus,5,1.0,0
route_a,CCTV-A01,CCTV-A01.mp4,244,car,2,912,1009,36.48,40.36,88,1.0,0.5688,car,2,1.0,0
route_a,CCTV-A01,CCTV-A01.mp4,245,car,2,913,913,36.52,36.52,1,1.0,0.4106,car,2,1.0,0
route_a,CCTV-A01,CCTV-A01.mp4,247,car,2,916,1022,36.64,40.88,107,1.0,0.6953,car,2,1.0,0
route_a,CCTV-A01,CCTV-A01.mp4,251,car,2,923,1045,36.92,41.8,101,1.0,0.5335,car,2,1.0,0
route_a,CCTV-A01,CCTV-A01.mp4,253,car,2,930,1069,37.2,42.76,135,1.0,0.6059,car,2,1.0,0
route_a,CCTV-A01,CCTV-A01.mp4,254,car,2,939,983,37.56,39.32,45,1.0,0.5764,car,2,1.0,0
route_a,CCTV-A01,CCTV-A01.mp4,255,car,2,942,977,37.68,39.08,30,1.0,0.4049,car,2,1.0,0
route_a,CCTV-A01,CCTV-A01.mp4,257,car,2,957,958,38.28,38.32,2,1.0,0.3866,car,2,1.0,0
route_a,CCTV-A01,CCTV-A01.mp4,258,car,2,964,977,38.56,39.08,11,1.0,0.3689,car,2,1.0,0
route_a,CCTV-A01,CCTV-A01.mp4,259,car,2,965,1026,38.6,41.04,58,1.0,0.5165,car,2,1.0,0
route_a,CCTV-A01,CCTV-A01.mp4,260,car,2,979,1020,39.16,40.8,37,1.0,0.3457,car,2,1.0,0
route_a,CCTV-A01,CCTV-A01.mp4,261,car,2,979,1002,39.16,40.08,23,1.0,0.3334,car,2,1.0,0
route_a,CCTV-A01,CCTV-A01.mp4,262,car,2,985,1098,39.4,43.92,111,1.0,0.7353,car,2,1.0,0
route_a,CCTV-A01,CCTV-A01.mp4,263,car,2,990,1018,39.6,40.72,25,1.0,0.4482,car,2,1.0,0
route_a,CCTV-A01,CCTV-A01.mp4,264,car,2,996,1063,39.84,42.52,65,1.0,0.7196,car,2,1.0,0
route_a,CCTV-A01,CCTV-A01.mp4,265,car,2,1003,1080,40.12,43.2,68,1.0,0.4782,car,2,1.0,0
route_a,CCTV-A01,CCTV-A01.mp4,266,car,2,1004,1116,40.16,44.64,113,1.0,0.6979,car,2,1.0,0
route_a,CCTV-A01,CCTV-A01.mp4,269,car,2,1019,1121,40.76,44.84,99,1.0,0.6786,car,2,1.0,0
route_a,CCTV-A01,CCTV-A01.mp4,272,car,2,1026,1128,41.04,45.12,101,1.0,0.6688,car,2,1.0,0
route_a,CCTV-A01,CCTV-A01.mp4,273,car,2,1030,1049,41.2,41.96,15,1.0,0.3527,car,2,1.0,0
route_a,CCTV-A01,CCTV-A01.mp4,274,car,2,1031,1033,41.24,41.32,3,1.0,0.315,car,2,1.0,0
route_a,CCTV-A01,CCTV-A01.mp4,276,car,2,1038,1112,41.52,44.48,72,1.0,0.4356,car,2,1.0,0
route_a,CCTV-A01,CCTV-A01.mp4,277,car,2,1040,1118,41.6,44.72,78,1.0,0.5477,car,2,1.0,0
route_a,CCTV-A01,CCTV-A01.mp4,278,car,2,1042,1134,41.68,45.36,93,1.0,0.681,car,2,1.0,0
route_a,CCTV-A01,CCTV-A01.mp4,279,car,2,1045,1048,41.8,41.92,4,1.0,0.362,car,2,1.0,0
route_a,CCTV-A01,CCTV-A01.mp4,281,car,2,1058,1118,42.32,44.72,59,1.0,0.5042,car,2,1.0,0
route_a,CCTV-A01,CCTV-A01.mp4,283,car,2,1060,1182,42.4,47.28,123,1.0,0.6665,car,2,1.0,0
route_a,CCTV-A01,CCTV-A01.mp4,285,car,2,1076,1189,43.04,47.56,113,1.0,0.645,car,2,1.0,0
route_a,CCTV-A01,CCTV-A01.mp4,286,car,2,1076,1078,43.04,43.12,3,1.0,0.3569,car,2,1.0,0
route_a,CCTV-A01,CCTV-A01.mp4,287,car,2,1087,1240,43.48,49.6,141,1.0,0.6525,car,2,1.0,0
route_a,CCTV-A01,CCTV-A01.mp4,288,car,2,1093,1149,43.72,45.96,52,1.0,0.6936,car,2,1.0,0
route_a,CCTV-A01,CCTV-A01.mp4,290,car,2,1098,1182,43.92,47.28,79,1.0,0.5914,car,2,1.0,0
route_a,CCTV-A01,CCTV-A01.mp4,292,car,2,1107,1113,44.28,44.52,7,1.0,0.3611,car,2,1.0,0
route_a,CCTV-A01,CCTV-A01.mp4,294,car,2,1118,1127,44.72,45.08,5,1.0,0.3628,car,2,1.0,0
route_a,CCTV-A01,CCTV-A01.mp4,297,car,2,1122,1265,44.88,50.6,140,1.0,0.6208,car,2,1.0,0
route_a,CCTV-A01,CCTV-A01.mp4,298,car,2,1124,1180,44.96,47.2,57,1.0,0.5547,car,2,1.0,0
route_a,CCTV-A01,CCTV-A01.mp4,299,car,2,1124,1163,44.96,46.52,36,1.0,0.5619,car,2,1.0,0
route_a,CCTV-A01,CCTV-A01.mp4,300,car,2,1131,1143,45.24,45.72,11,1.0,0.5033,car,2,1.0,0
route_a,CCTV-A01,CCTV-A01.mp4,302,car,2,1136,1144,45.44,45.76,9,1.0,0.591,car,2,1.0,0
route_a,CCTV-A01,CCTV-A01.mp4,304,car,2,1143,1179,45.72,47.16,37,1.0,0.5451,car,2,1.0,0
route_a,CCTV-A01,CCTV-A01.mp4,305,car,2,1144,1250,45.76,50.0,104,1.0,0.6293,car,2,1.0,0
route_a,CCTV-A01,CCTV-A01.mp4,307,car,2,1147,1189,45.88,47.56,38,1.0,0.4718,car,2,1.0,0
route_a,CCTV-A01,CCTV-A01.mp4,309,car,2,1170,1201,46.8,48.04,26,1.0,0.4501,car,2,1.0,0
route_a,CCTV-A01,CCTV-A01.mp4,312,car,2,1178,1273,47.12,50.92,73,1.0,0.4176,car,2,1.0,0
route_a,CCTV-A01,CCTV-A01.mp4,315,car,2,1190,1311,47.6,52.44,122,1.0,0.7242,car,2,1.0,0
route_a,CCTV-A01,CCTV-A01.mp4,316,car,2,1194,1357,47.76,54.28,157,1.0,0.5623,car,2,1.0,0
route_a,CCTV-A01,CCTV-A01.mp4,318,car,2,1198,1265,47.92,50.6,62,1.0,0.4766,car,2,1.0,0
route_a,CCTV-A01,CCTV-A01.mp4,320,car,2,1203,1243,48.12,49.72,32,1.0,0.4394,car,2,1.0,0
route_a,CCTV-A01,CCTV-A01.mp4,321,car,2,1203,1313,48.12,52.52,111,1.0,0.7375,car,2,1.0,0
route_a,CCTV-A01,CCTV-A01.mp4,324,car,2,1227,1316,49.08,52.64,87,1.0,0.5462,car,2,1.0,0
route_a,CCTV-A01,CCTV-A01.mp4,325,car,2,1231,1355,49.24,54.2,124,1.0,0.6942,car,2,1.0,0
route_a,CCTV-A01,CCTV-A01.mp4,326,car,2,1237,1240,49.48,49.6,4,1.0,0.3616,car,2,1.0,0
route_a,CCTV-A01,CCTV-A01.mp4,328,car,2,1239,1240,49.56,49.6,2,1.0,0.4931,car,2,1.0,0
route_a,CCTV-A01,CCTV-A01.mp4,329,car,2,1242,1246,49.68,49.84,5,1.0,0.5113,car,2,1.0,0
route_a,CCTV-A01,CCTV-A01.mp4,330,car,2,1248,1288,49.92,51.52,37,1.0,0.4755,car,2,1.0,0
route_a,CCTV-A01,CCTV-A01.mp4,332,car,2,1250,1332,50.0,53.28,83,1.0,0.6386,car,2,1.0,0
route_a,CCTV-A01,CCTV-A01.mp4,334,car,2,1264,1413,50.56,56.52,141,1.0,0.6542,car,2,1.0,0
route_a,CCTV-A01,CCTV-A01.mp4,336,car,2,1279,1475,51.16,59.0,184,1.0,0.6239,car,2,1.0,0
route_a,CCTV-A01,CCTV-A01.mp4,342,car,2,1294,1377,51.76,55.08,59,1.0,0.5315,car,2,1.0,0
route_a,CCTV-A01,CCTV-A01.mp4,343,car,2,1296,1416,51.84,56.64,115,1.0,0.5919,car,2,1.0,0
route_a,CCTV-A01,CCTV-A01.mp4,344,car,2,1297,1310,51.88,52.4,9,1.0,0.3268,car,2,1.0,0
route_a,CCTV-A01,CCTV-A01.mp4,349,car,2,1317,1373,52.68,54.92,49,1.0,0.4164,car,2,1.0,0
route_a,CCTV-A01,CCTV-A01.mp4,351,bus,5,1320,1497,52.8,59.88,153,0.8039,0.5661,bus,5,0.8366,1
route_a,CCTV-A01,CCTV-A01.mp4,353,car,2,1324,1420,52.96,56.8,90,1.0,0.5459,car,2,1.0,0
route_a,CCTV-A01,CCTV-A01.mp4,354,car,2,1325,1354,53.0,54.16,27,1.0,0.4301,car,2,1.0,0
route_a,CCTV-A01,CCTV-A01.mp4,355,car,2,1331,1441,53.24,57.64,111,1.0,0.6266,car,2,1.0,0
route_a,CCTV-A01,CCTV-A01.mp4,357,car,2,1353,1425,54.12,57.0,73,1.0,0.7128,car,2,1.0,0
route_a,CCTV-A01,CCTV-A01.mp4,358,car,2,1356,1359,54.24,54.36,4,1.0,0.385,car,2,1.0,0
route_a,CCTV-A01,CCTV-A01.mp4,360,car,2,1364,1460,54.56,58.4,96,1.0,0.74,car,2,1.0,0
route_a,CCTV-A01,CCTV-A01.mp4,361,car,2,1370,1372,54.8,54.88,3,1.0,0.33,car,2,1.0,0
route_a,CCTV-A01,CCTV-A01.mp4,362,car,2,1375,1487,55.0,59.48,111,1.0,0.6832,car,2,1.0,0
route_a,CCTV-A01,CCTV-A01.mp4,363,car,2,1379,1384,55.16,55.36,6,1.0,0.3833,car,2,1.0,0
route_a,CCTV-A01,CCTV-A01.mp4,364,car,2,1389,1394,55.56,55.76,6,1.0,0.3709,car,2,1.0,0
route_a,CCTV-A01,CCTV-A01.mp4,366,car,2,1396,1412,55.84,56.48,14,1.0,0.3116,car,2,1.0,0
route_a,CCTV-A01,CCTV-A01.mp4,367,car,2,1397,1405,55.88,56.2,8,1.0,0.4041,car,2,1.0,0
route_a,CCTV-A01,CCTV-A01.mp4,369,car,2,1421,1460,56.84,58.4,38,1.0,0.721,car,2,1.0,0
route_a,CCTV-A01,CCTV-A01.mp4,370,car,2,1423,1447,56.92,57.88,25,1.0,0.4898,car,2,1.0,0
route_a,CCTV-A01,CCTV-A01.mp4,374,car,2,1428,1500,57.12,60.0,67,1.0,0.4559,car,2,1.0,0
route_a,CCTV-A01,CCTV-A01.mp4,375,car,2,1428,1500,57.12,60.0,73,1.0,0.7301,car,2,1.0,0
route_a,CCTV-A01,CCTV-A01.mp4,377,car,2,1442,1444,57.68,57.76,3,1.0,0.3188,car,2,1.0,0
route_a,CCTV-A01,CCTV-A01.mp4,378,car,2,1458,1500,58.32,60.0,43,1.0,0.7769,car,2,1.0,0
route_a,CCTV-A01,CCTV-A01.mp4,379,car,2,1459,1469,58.36,58.76,11,1.0,0.4477,car,2,1.0,0
route_a,CCTV-A01,CCTV-A01.mp4,380,car,2,1471,1500,58.84,60.0,30,1.0,0.6579,car,2,1.0,0
route_a,CCTV-A01,CCTV-A01.mp4,381,car,2,1472,1500,58.88,60.0,24,1.0,0.3855,car,2,1.0,0
route_a,CCTV-A01,CCTV-A01.mp4,382,car,2,1482,1500,59.28,60.0,19,1.0,0.6263,car,2,1.0,0
route_a,CCTV-A01,CCTV-A01.mp4,383,car,2,1486,1489,59.44,59.56,4,1.0,0.3452,car,2,1.0,0
route_a,CCTV-A01,CCTV-A01.mp4,384,car,2,1489,1499,59.56,59.96,10,1.0,0.3763,car,2,1.0,0
route_a,CCTV-A01,CCTV-A01.mp4,385,car,2,1496,1500,59.84,60.0,5,1.0,0.4325,car,2,1.0,0
route_a,CCTV-A02,CCTV-A02.mp4,387,car,2,1,232,0.04,9.28,158,1.0,0.4096,car,2,1.0,0
route_a,CCTV-A02,CCTV-A02.mp4,388,car,2,1,48,0.04,1.92,40,1.0,0.4645,car,2,1.0,0
route_a,CCTV-A02,CCTV-A02.mp4,389,car,2,1,55,0.04,2.2,33,1.0,0.3849,car,2,1.0,0
route_a,CCTV-A02,CCTV-A02.mp4,390,car,2,1,19,0.04,0.76,18,1.0,0.5248,car,2,1.0,0
route_a,CCTV-A02,CCTV-A02.mp4,391,car,2,1,105,0.04,4.2,100,1.0,0.4929,car,2,1.0,0
route_a,CCTV-A02,CCTV-A02.mp4,393,car,2,1,25,0.04,1.0,16,1.0,0.3497,car,2,1.0,0
route_a,CCTV-A02,CCTV-A02.mp4,396,car,2,2,103,0.08,4.12,102,1.0,0.5476,car,2,1.0,0
route_a,CCTV-A02,CCTV-A02.mp4,397,car,2,2,231,0.08,9.24,216,1.0,0.5405,car,2,1.0,0
route_a,CCTV-A02,CCTV-A02.mp4,398,car,2,2,63,0.08,2.52,62,1.0,0.5979,car,2,1.0,0
route_a,CCTV-A02,CCTV-A02.mp4,399,car,2,3,50,0.12,2.0,46,0.9348,0.4003,car,2,1.0,0
route_a,CCTV-A02,CCTV-A02.mp4,403,car,2,6,101,0.24,4.04,82,0.9634,0.4379,car,2,1.0,0
route_a,CCTV-A02,CCTV-A02.mp4,404,car,2,7,81,0.28,3.24,74,0.973,0.5083,car,2,1.0,0
route_a,CCTV-A02,CCTV-A02.mp4,407,car,2,12,27,0.48,1.08,15,1.0,0.3953,car,2,1.0,0
route_a,CCTV-A02,CCTV-A02.mp4,410,car,2,22,232,0.88,9.28,186,1.0,0.542,car,2,1.0,0
route_a,CCTV-A02,CCTV-A02.mp4,411,car,2,22,77,0.88,3.08,54,0.963,0.4217,car,2,1.0,0
route_a,CCTV-A02,CCTV-A02.mp4,414,car,2,27,30,1.08,1.2,4,1.0,0.3365,car,2,1.0,0
route_a,CCTV-A02,CCTV-A02.mp4,415,car,2,30,60,1.2,2.4,22,1.0,0.396,car,2,1.0,0
route_a,CCTV-A02,CCTV-A02.mp4,417,car,2,47,127,1.88,5.08,53,1.0,0.4491,car,2,1.0,0
route_a,CCTV-A02,CCTV-A02.mp4,418,car,2,50,170,2.0,6.8,115,1.0,0.5893,car,2,1.0,0
route_a,CCTV-A02,CCTV-A02.mp4,420,car,2,64,129,2.56,5.16,61,1.0,0.4773,car,2,1.0,0
route_a,CCTV-A02,CCTV-A02.mp4,422,car,2,76,103,3.04,4.12,26,0.7692,0.3771,car,2,1.0,0
route_a,CCTV-A02,CCTV-A02.mp4,424,car,2,82,82,3.28,3.28,1,1.0,0.4519,car,2,1.0,0
route_a,CCTV-A02,CCTV-A02.mp4,428,car,2,89,206,3.56,8.24,113,1.0,0.4809,car,2,1.0,0
route_a,CCTV-A02,CCTV-A02.mp4,429,car,2,95,175,3.8,7.0,55,1.0,0.379,car,2,1.0,0
route_a,CCTV-A02,CCTV-A02.mp4,430,car,2,97,232,3.88,9.28,132,1.0,0.5314,car,2,1.0,0
route_a,CCTV-A02,CCTV-A02.mp4,435,car,2,111,141,4.44,5.64,31,1.0,0.4026,car,2,1.0,0
route_a,CCTV-A02,CCTV-A02.mp4,436,car,2,112,178,4.48,7.12,65,1.0,0.5248,car,2,1.0,0
route_a,CCTV-A02,CCTV-A02.mp4,437,car,2,112,119,4.48,4.76,6,1.0,0.3515,car,2,1.0,0
route_a,CCTV-A02,CCTV-A02.mp4,439,car,2,124,207,4.96,8.28,64,1.0,0.4585,car,2,1.0,0
route_a,CCTV-A02,CCTV-A02.mp4,440,car,2,127,131,5.08,5.24,5,1.0,0.4053,car,2,1.0,0
route_a,CCTV-A02,CCTV-A02.mp4,445,car,2,150,230,6.0,9.2,81,1.0,0.551,car,2,1.0,0
route_a,CCTV-A02,CCTV-A02.mp4,450,car,2,152,232,6.08,9.28,41,1.0,0.3902,car,2,1.0,0
route_a,CCTV-A02,CCTV-A02.mp4,451,car,2,152,171,6.08,6.84,19,1.0,0.4413,car,2,1.0,0
route_a,CCTV-A02,CCTV-A02.mp4,452,car,2,154,155,6.16,6.2,2,1.0,0.3596,car,2,1.0,0
route_a,CCTV-A02,CCTV-A02.mp4,458,car,2,173,173,6.92,6.92,1,1.0,0.3581,car,2,1.0,0
route_a,CCTV-A02,CCTV-A02.mp4,459,car,2,173,218,6.92,8.72,42,1.0,0.4418,car,2,1.0,0
route_a,CCTV-A02,CCTV-A02.mp4,460,car,2,174,232,6.96,9.28,59,1.0,0.5115,car,2,1.0,0
route_a,CCTV-A02,CCTV-A02.mp4,461,car,2,176,232,7.04,9.28,56,1.0,0.4268,car,2,1.0,0
route_a,CCTV-A02,CCTV-A02.mp4,463,car,2,180,206,7.2,8.24,26,1.0,0.4762,car,2,1.0,0
route_a,CCTV-A02,CCTV-A02.mp4,465,car,2,181,216,7.24,8.64,13,1.0,0.3638,car,2,1.0,0
route_a,CCTV-A02,CCTV-A02.mp4,467,car,2,187,232,7.48,9.28,46,1.0,0.4527,car,2,1.0,0
route_a,CCTV-A02,CCTV-A02.mp4,468,car,2,199,232,7.96,9.28,25,1.0,0.3947,car,2,1.0,0
route_a,CCTV-A02,CCTV-A02.mp4,475,car,2,213,213,8.52,8.52,1,1.0,0.3875,car,2,1.0,0
route_a,CCTV-A02,CCTV-A02.mp4,476,car,2,213,216,8.52,8.64,4,1.0,0.4586,car,2,1.0,0
route_a,CCTV-A02,CCTV-A02.mp4,477,car,2,224,232,8.96,9.28,6,1.0,0.3885,car,2,1.0,0
route_a,CCTV-A03,CCTV-A03.mp4,478,car,2,452,462,15.082,15.415,8,1.0,0.3641,car,2,1.0,0
route_a,CCTV-A03,CCTV-A03.mp4,479,car,2,791,795,26.393,26.527,5,1.0,0.3738,car,2,1.0,0
route_a,CCTV-A03,CCTV-A03.mp4,482,car,2,1468,1469,48.982,49.016,2,1.0,0.38,car,2,1.0,0
route_b,CCTV-B01,CCTV-B01.mp4,484,car,2,1,20,0.04,0.8,19,1.0,0.6965,car,2,1.0,0
route_b,CCTV-B01,CCTV-B01.mp4,485,car,2,1,2,0.04,0.08,2,1.0,0.7671,car,2,1.0,0
route_b,CCTV-B01,CCTV-B01.mp4,487,car,2,1,148,0.04,5.92,73,0.8767,0.5916,car,2,0.9178,1
route_b,CCTV-B01,CCTV-B01.mp4,488,car,2,1,24,0.04,0.96,16,0.6875,0.5368,car,2,1.0,0
route_b,CCTV-B01,CCTV-B01.mp4,492,truck,7,2,2,0.08,0.08,1,1.0,0.4793,truck,7,1.0,0
route_b,CCTV-B01,CCTV-B01.mp4,493,car,2,3,3,0.12,0.12,1,1.0,0.4888,car,2,1.0,0
route_b,CCTV-B01,CCTV-B01.mp4,497,car,2,5,56,0.2,2.24,32,1.0,0.7451,car,2,1.0,0
route_b,CCTV-B01,CCTV-B01.mp4,520,car,2,20,70,0.8,2.8,24,1.0,0.5593,car,2,1.0,0
route_b,CCTV-B01,CCTV-B01.mp4,529,car,2,25,28,1.0,1.12,4,1.0,0.6883,car,2,1.0,0
route_b,CCTV-B01,CCTV-B01.mp4,533,car,2,27,33,1.08,1.32,7,1.0,0.634,car,2,1.0,0
route_b,CCTV-B01,CCTV-B01.mp4,539,car,2,29,36,1.16,1.44,6,1.0,0.4781,car,2,1.0,0
route_b,CCTV-B01,CCTV-B01.mp4,540,motorcycle,3,31,65,1.24,2.6,20,1.0,0.8362,motorcycle,3,1.0,0
route_b,CCTV-B01,CCTV-B01.mp4,543,car,2,32,127,1.28,5.08,46,1.0,0.7599,car,2,1.0,0
route_b,CCTV-B01,CCTV-B01.mp4,544,car,2,32,149,1.28,5.96,38,1.0,0.3,car,2,1.0,0
route_b,CCTV-B01,CCTV-B01.mp4,545,car,2,34,46,1.36,1.84,6,1.0,0.6071,car,2,1.0,0
route_b,CCTV-B01,CCTV-B01.mp4,548,car,2,40,78,1.6,3.12,5,1.0,0.5909,car,2,1.0,0
route_b,CCTV-B01,CCTV-B01.mp4,562,car,2,57,61,2.28,2.44,3,1.0,0.628,car,2,1.0,0
route_b,CCTV-B01,CCTV-B01.mp4,567,motorcycle,3,61,61,2.44,2.44,1,1.0,0.7846,motorcycle,3,1.0,0
route_b,CCTV-B01,CCTV-B01.mp4,570,car,2,65,70,2.6,2.8,3,1.0,0.7523,car,2,1.0,0
route_b,CCTV-B01,CCTV-B01.mp4,576,car,2,76,83,3.04,3.32,4,1.0,0.5136,car,2,1.0,0
route_b,CCTV-B01,CCTV-B01.mp4,581,bus,5,80,101,3.2,4.04,20,0.8,0.7761,bus,5,1.0,0
route_b,CCTV-B01,CCTV-B01.mp4,585,bus,5,83,86,3.32,3.44,4,0.75,0.6938,truck,7,1.0,0
route_b,CCTV-B01,CCTV-B01.mp4,593,bus,5,106,110,4.24,4.4,5,1.0,0.8394,bus,5,1.0,0
route_b,CCTV-B01,CCTV-B01.mp4,597,car,2,110,148,4.4,5.92,23,1.0,0.5798,car,2,1.0,0
route_b,CCTV-B01,CCTV-B01.mp4,600,car,2,113,135,4.52,5.4,17,1.0,0.6598,car,2,1.0,0
route_b,CCTV-B01,CCTV-B01.mp4,602,car,2,114,149,4.56,5.96,25,1.0,0.673,car,2,1.0,0
route_b,CCTV-B01,CCTV-B01.mp4,603,car,2,114,149,4.56,5.96,34,1.0,0.7744,car,2,1.0,0
route_b,CCTV-B01,CCTV-B01.mp4,612,car,2,119,149,4.76,5.96,17,1.0,0.6585,car,2,1.0,0
route_b,CCTV-B01,CCTV-B01.mp4,614,car,2,120,120,4.8,4.8,1,1.0,0.8133,car,2,1.0,0
route_b,CCTV-B01,CCTV-B01.mp4,616,car,2,122,147,4.88,5.88,15,1.0,0.6196,car,2,1.0,0
route_b,CCTV-B01,CCTV-B01.mp4,622,car,2,126,149,5.04,5.96,9,1.0,0.4957,car,2,1.0,0
route_b,CCTV-B01,CCTV-B01.mp4,623,car,2,127,129,5.08,5.16,2,1.0,0.3749,car,2,1.0,0
route_b,CCTV-B01,CCTV-B01.mp4,632,car,2,136,148,5.44,5.92,11,0.9091,0.4654,car,2,1.0,0
route_b,CCTV-B01,CCTV-B01.mp4,634,car,2,138,149,5.52,5.96,6,1.0,0.5544,car,2,1.0,0
route_b,CCTV-B02,CCTV-B02.mp4,650,car,2,1,50,0.04,2.0,50,1.0,0.5999,car,2,1.0,0
route_b,CCTV-B02,CCTV-B02.mp4,651,motorcycle,3,1,390,0.04,15.6,372,1.0,0.6983,motorcycle,3,1.0,0
route_b,CCTV-B02,CCTV-B02.mp4,652,motorcycle,3,1,390,0.04,15.6,378,1.0,0.8061,motorcycle,3,1.0,0
route_b,CCTV-B02,CCTV-B02.mp4,653,motorcycle,3,1,390,0.04,15.6,381,1.0,0.7926,motorcycle,3,1.0,0
route_b,CCTV-B02,CCTV-B02.mp4,654,car,2,1,215,0.04,8.6,205,1.0,0.7075,car,2,1.0,0
route_b,CCTV-B02,CCTV-B02.mp4,655,bus,5,1,86,0.04,3.44,86,1.0,0.6749,bus,5,1.0,0
route_b,CCTV-B02,CCTV-B02.mp4,656,bus,5,1,15,0.04,0.6,15,1.0,0.4791,bus,5,1.0,0
route_b,CCTV-B02,CCTV-B02.mp4,657,car,2,1,75,0.04,3.0,47,1.0,0.5215,car,2,1.0,0
route_b,CCTV-B02,CCTV-B02.mp4,658,car,2,1,11,0.04,0.44,11,1.0,0.4131,car,2,1.0,0
route_b,CCTV-B02,CCTV-B02.mp4,659,motorcycle,3,1,360,0.04,14.4,278,1.0,0.3703,motorcycle,3,1.0,0
route_b,CCTV-B02,CCTV-B02.mp4,661,motorcycle,3,6,326,0.24,13.04,274,1.0,0.41,motorcycle,3,1.0,0
route_b,CCTV-B02,CCTV-B02.mp4,662,car,2,8,25,0.32,1.0,18,1.0,0.3758,car,2,1.0,0
route_b,CCTV-B02,CCTV-B02.mp4,663,motorcycle,3,16,42,0.64,1.68,22,1.0,0.3385,motorcycle,3,1.0,0
route_b,CCTV-B02,CCTV-B02.mp4,664,bus,5,23,41,0.92,1.64,13,1.0,0.4127,bus,5,1.0,0
route_b,CCTV-B02,CCTV-B02.mp4,667,car,2,40,98,1.6,3.92,58,1.0,0.5859,car,2,1.0,0
route_b,CCTV-B02,CCTV-B02.mp4,671,car,2,50,52,2.0,2.08,3,1.0,0.5576,car,2,1.0,0
route_b,CCTV-B02,CCTV-B02.mp4,675,car,2,85,164,3.4,6.56,80,1.0,0.7534,car,2,1.0,0
route_b,CCTV-B02,CCTV-B02.mp4,676,bus,5,88,390,3.52,15.6,266,1.0,0.6992,bus,5,1.0,0
route_b,CCTV-B02,CCTV-B02.mp4,677,car,2,96,111,3.84,4.44,7,0.7143,0.3439,bus,5,0.8571,1
route_b,CCTV-B02,CCTV-B02.mp4,678,car,2,113,116,4.52,4.64,4,1.0,0.3533,car,2,1.0,0
route_b,CCTV-B02,CCTV-B02.mp4,679,car,2,132,136,5.28,5.44,5,1.0,0.3818,car,2,1.0,0
route_b,CCTV-B02,CCTV-B02.mp4,680,motorcycle,3,138,387,5.52,15.48,175,1.0,0.3469,motorcycle,3,1.0,0
route_b,CCTV-B02,CCTV-B02.mp4,681,bus,5,141,229,5.64,9.16,78,1.0,0.4736,bus,5,1.0,0
route_b,CCTV-B02,CCTV-B02.mp4,682,motorcycle,3,144,154,5.76,6.16,7,1.0,0.5319,motorcycle,3,1.0,0
route_b,CCTV-B02,CCTV-B02.mp4,685,motorcycle,3,153,176,6.12,7.04,24,1.0,0.7269,motorcycle,3,1.0,0
route_b,CCTV-B02,CCTV-B02.mp4,686,car,2,153,209,6.12,8.36,55,1.0,0.5462,car,2,1.0,0
route_b,CCTV-B02,CCTV-B02.mp4,688,motorcycle,3,159,195,6.36,7.8,20,0.6,0.3948,motorcycle,3,0.6,2
route_b,CCTV-B02,CCTV-B02.mp4,690,motorcycle,3,165,186,6.6,7.44,22,1.0,0.2978,motorcycle,3,1.0,0
route_b,CCTV-B02,CCTV-B02.mp4,694,bus,5,174,191,6.96,7.64,16,1.0,0.3385,bus,5,1.0,0
route_b,CCTV-B02,CCTV-B02.mp4,702,motorcycle,3,193,217,7.72,8.68,25,1.0,0.7806,motorcycle,3,1.0,0
route_b,CCTV-B02,CCTV-B02.mp4,703,car,2,194,390,7.76,15.6,193,1.0,0.5126,car,2,1.0,0
route_b,CCTV-B02,CCTV-B02.mp4,705,motorcycle,3,196,198,7.84,7.92,2,0.5,0.5699,motorcycle,3,1.0,0
route_b,CCTV-B02,CCTV-B02.mp4,706,car,2,196,211,7.84,8.44,5,1.0,0.364,car,2,1.0,0
route_b,CCTV-B02,CCTV-B02.mp4,709,car,2,203,261,8.12,10.44,58,0.7414,0.6584,car,2,0.7586,1
route_b,CCTV-B02,CCTV-B02.mp4,713,motorcycle,3,212,289,8.48,11.56,78,1.0,0.5012,motorcycle,3,1.0,0
route_b,CCTV-B02,CCTV-B02.mp4,714,car,2,213,253,8.52,10.12,37,1.0,0.4579,car,2,1.0,0
route_b,CCTV-B02,CCTV-B02.mp4,721,motorcycle,3,234,296,9.36,11.84,31,1.0,0.4402,motorcycle,3,1.0,0
route_b,CCTV-B02,CCTV-B02.mp4,722,car,2,234,362,9.36,14.48,73,0.8219,0.3899,car,2,0.7397,1
route_b,CCTV-B02,CCTV-B02.mp4,724,bus,5,242,268,9.68,10.72,11,1.0,0.3236,bus,5,1.0,0
route_b,CCTV-B02,CCTV-B02.mp4,727,car,2,251,251,10.04,10.04,1,1.0,0.3724,car,2,1.0,0
route_b,CCTV-B02,CCTV-B02.mp4,728,car,2,260,335,10.4,13.4,44,0.8864,0.3774,car,2,0.75,1
route_b,CCTV-B02,CCTV-B02.mp4,730,car,2,271,360,10.84,14.4,71,1.0,0.4381,car,2,1.0,0
route_b,CCTV-B02,CCTV-B02.mp4,731,motorcycle,3,274,390,10.96,15.6,105,1.0,0.5392,motorcycle,3,1.0,0
route_b,CCTV-B02,CCTV-B02.mp4,736,motorcycle,3,298,299,11.92,11.96,2,1.0,0.4458,motorcycle,3,1.0,0
route_b,CCTV-B02,CCTV-B02.mp4,737,motorcycle,3,328,390,13.12,15.6,55,1.0,0.4674,motorcycle,3,1.0,0
route_b,CCTV-B02,CCTV-B02.mp4,738,car,2,340,373,13.6,14.92,27,1.0,0.3478,car,2,1.0,0
route_b,CCTV-B02,CCTV-B02.mp4,740,motorcycle,3,353,361,14.12,14.44,6,1.0,0.3265,motorcycle,3,1.0,0
route_b,CCTV-B02,CCTV-B02.mp4,741,bus,5,363,367,14.52,14.68,4,1.0,0.5762,bus,5,1.0,0
route_b,CCTV-B02,CCTV-B02.mp4,742,bus,5,369,390,14.76,15.6,16,1.0,0.3805,bus,5,1.0,0
route_b,CCTV-B02,CCTV-B02.mp4,744,bus,5,389,390,15.56,15.6,2,1.0,0.4457,bus,5,1.0,0
route_b,CCTV-B03,CCTV-B03.mp4,745,car,2,51,74,2.04,2.96,20,1.0,0.3641,car,2,1.0,0
route_b,CCTV-B03,CCTV-B03.mp4,751,car,2,259,275,10.36,11.0,8,0.5,0.3167,car,2,1.0,0
route_b,CCTV-B03,CCTV-B03.mp4,753,car,2,262,263,10.48,10.52,2,1.0,0.3567,car,2,1.0,0
route_b,CCTV-B03,CCTV-B03.mp4,755,car,2,268,268,10.72,10.72,1,1.0,0.4094,car,2,1.0,0
route_c,CCTV-C01,CCTV-C01.mp4,762,car,2,2,19,0.067,0.633,5,1.0,0.5976,car,2,1.0,0
route_c,CCTV-C01,CCTV-C01.mp4,763,car,2,2,39,0.067,1.3,5,1.0,0.4917,car,2,1.0,0
route_c,CCTV-C01,CCTV-C01.mp4,764,car,2,2,97,0.067,3.233,16,1.0,0.5584,car,2,1.0,0
route_c,CCTV-C01,CCTV-C01.mp4,765,bus,5,2,28,0.067,0.933,2,1.0,0.5589,bus,5,1.0,0
route_c,CCTV-C01,CCTV-C01.mp4,843,bus,5,27,27,0.9,0.9,1,1.0,0.7636,bus,5,1.0,0
route_c,CCTV-C01,CCTV-C01.mp4,860,car,2,32,98,1.067,3.267,9,1.0,0.5821,car,2,1.0,0
route_c,CCTV-C01,CCTV-C01.mp4,862,car,2,33,116,1.1,3.867,10,1.0,0.6577,car,2,1.0,0
route_c,CCTV-C01,CCTV-C01.mp4,878,car,2,39,65,1.3,2.167,4,1.0,0.6578,car,2,1.0,0
route_c,CCTV-C01,CCTV-C01.mp4,900,car,2,44,66,1.467,2.2,5,1.0,0.6223,car,2,1.0,0
route_c,CCTV-C01,CCTV-C01.mp4,924,car,2,53,93,1.767,3.1,3,1.0,0.4369,car,2,1.0,0
route_c,CCTV-C01,CCTV-C01.mp4,928,car,2,54,101,1.8,3.367,7,1.0,0.6487,car,2,1.0,0
route_c,CCTV-C01,CCTV-C01.mp4,1148,car,2,126,139,4.2,4.633,3,1.0,0.5433,car,2,1.0,0
route_c,CCTV-C01,CCTV-C01.mp4,1166,car,2,133,141,4.433,4.7,3,1.0,0.6387,car,2,1.0,0
route_c,CCTV-C01,CCTV-C01.mp4,1182,car,2,137,137,4.567,4.567,1,1.0,0.6615,car,2,1.0,0
route_c,CCTV-C01,CCTV-C01.mp4,1190,car,2,138,232,4.6,7.733,19,1.0,0.5616,car,2,1.0,0
route_c,CCTV-C01,CCTV-C01.mp4,1196,car,2,139,141,4.633,4.7,2,1.0,0.5549,car,2,1.0,0
route_c,CCTV-C01,CCTV-C01.mp4,1299,car,2,179,204,5.967,6.8,6,1.0,0.6232,car,2,1.0,0
route_c,CCTV-C01,CCTV-C01.mp4,1326,car,2,184,201,6.133,6.7,7,1.0,0.4651,car,2,1.0,0
route_c,CCTV-C01,CCTV-C01.mp4,1329,truck,7,185,206,6.167,6.867,10,0.7,0.3782,truck,7,1.0,0
route_c,CCTV-C01,CCTV-C01.mp4,1339,car,2,186,219,6.2,7.3,8,1.0,0.5219,car,2,1.0,0
route_c,CCTV-C01,CCTV-C01.mp4,1350,car,2,188,236,6.267,7.867,17,0.9412,0.5382,car,2,1.0,0
route_c,CCTV-C01,CCTV-C01.mp4,1400,car,2,201,210,6.7,7.0,5,1.0,0.4814,car,2,1.0,0
route_c,CCTV-C01,CCTV-C01.mp4,1403,car,2,202,205,6.733,6.833,3,1.0,0.6338,car,2,1.0,0
route_c,CCTV-C01,CCTV-C01.mp4,1404,car,2,202,217,6.733,7.233,11,1.0,0.4225,car,2,1.0,0
route_c,CCTV-C01,CCTV-C01.mp4,1445,car,2,215,218,7.167,7.267,3,1.0,0.5367,car,2,1.0,0
route_c,CCTV-C01,CCTV-C01.mp4,1473,car,2,236,238,7.867,7.933,3,1.0,0.3987,car,2,1.0,0
route_c,CCTV-C01,CCTV-C01.mp4,1477,car,2,238,291,7.933,9.7,10,1.0,0.5214,car,2,1.0,0
route_c,CCTV-C01,CCTV-C01.mp4,1479,car,2,239,256,7.967,8.533,16,1.0,0.4882,car,2,1.0,0
route_c,CCTV-C01,CCTV-C01.mp4,1480,car,2,241,339,8.033,11.3,18,0.5,0.4614,car,2,1.0,0
route_c,CCTV-C01,CCTV-C01.mp4,1482,car,2,241,248,8.033,8.267,3,1.0,0.5107,car,2,1.0,0
route_c,CCTV-C01,CCTV-C01.mp4,1487,car,2,244,273,8.133,9.1,6,1.0,0.3798,car,2,1.0,0
route_c,CCTV-C01,CCTV-C01.mp4,1490,bus,5,247,281,8.233,9.367,9,0.5556,0.6176,car,2,0.8889,1
route_c,CCTV-C01,CCTV-C01.mp4,1491,car,2,247,300,8.233,10.0,12,1.0,0.4609,car,2,1.0,0
route_c,CCTV-C01,CCTV-C01.mp4,1500,car,2,259,269,8.633,8.967,2,1.0,0.5256,car,2,1.0,0
route_c,CCTV-C01,CCTV-C01.mp4,1503,car,2,261,263,8.7,8.767,3,1.0,0.4774,car,2,1.0,0
route_c,CCTV-C01,CCTV-C01.mp4,1504,car,2,261,330,8.7,11.0,12,1.0,0.5005,car,2,1.0,0
route_c,CCTV-C01,CCTV-C01.mp4,1515,car,2,265,270,8.833,9.0,6,1.0,0.4756,car,2,1.0,0
route_c,CCTV-C01,CCTV-C01.mp4,1545,car,2,274,279,9.133,9.3,3,0.6667,0.4946,truck,7,1.0,0
route_c,CCTV-C01,CCTV-C01.mp4,1636,car,2,303,317,10.1,10.567,2,1.0,0.6066,car,2,1.0,0
route_c,CCTV-C01,CCTV-C01.mp4,1729,car,2,333,371,11.1,12.367,8,0.875,0.6196,car,2,1.0,0
route_c,CCTV-C01,CCTV-C01.mp4,1757,car,2,339,342,11.3,11.4,2,1.0,0.517,car,2,1.0,0
route_c,CCTV-C01,CCTV-C01.mp4,1760,car,2,340,345,11.333,11.5,3,1.0,0.5345,car,2,1.0,0
route_c,CCTV-C01,CCTV-C01.mp4,1766,car,2,342,419,11.4,13.967,8,1.0,0.6806,car,2,1.0,0
route_c,CCTV-C01,CCTV-C01.mp4,1770,car,2,343,421,11.433,14.033,9,1.0,0.623,car,2,1.0,0
route_c,CCTV-C01,CCTV-C01.mp4,1773,car,2,343,363,11.433,12.1,2,1.0,0.6458,car,2,1.0,0
route_c,CCTV-C01,CCTV-C01.mp4,1920,car,2,404,427,13.467,14.233,4,1.0,0.6597,car,2,1.0,0
route_c,CCTV-C01,CCTV-C01.mp4,2000,car,2,430,702,14.333,23.4,37,1.0,0.6298,car,2,1.0,0
route_c,CCTV-C01,CCTV-C01.mp4,2103,car,2,474,506,15.8,16.867,6,1.0,0.5701,car,2,1.0,0
route_c,CCTV-C01,CCTV-C01.mp4,2106,truck,7,474,485,15.8,16.167,12,0.9167,0.3909,truck,7,1.0,0
route_c,CCTV-C01,CCTV-C01.mp4,2163,bus,5,501,518,16.7,17.267,3,0.6667,0.5825,bus,5,1.0,0
route_c,CCTV-C01,CCTV-C01.mp4,2243,car,2,547,559,18.233,18.633,5,1.0,0.7066,car,2,1.0,0
route_c,CCTV-C01,CCTV-C01.mp4,2261,car,2,551,551,18.367,18.367,1,1.0,0.4448,car,2,1.0,0
route_c,CCTV-C01,CCTV-C01.mp4,2441,car,2,597,597,19.9,19.9,1,1.0,0.6601,car,2,1.0,0
route_c,CCTV-C01,CCTV-C01.mp4,2476,car,2,618,652,20.6,21.733,19,1.0,0.4391,car,2,1.0,0
route_c,CCTV-C01,CCTV-C01.mp4,2477,car,2,620,620,20.667,20.667,1,1.0,0.5538,car,2,1.0,0
route_c,CCTV-C01,CCTV-C01.mp4,2580,car,2,667,672,22.233,22.4,2,1.0,0.6538,car,2,1.0,0
route_c,CCTV-C01,CCTV-C01.mp4,2634,car,2,692,718,23.067,23.933,5,1.0,0.5346,car,2,1.0,0
route_c,CCTV-C01,CCTV-C01.mp4,2726,car,2,723,723,24.1,24.1,1,1.0,0.6569,car,2,1.0,0
route_c,CCTV-C01,CCTV-C01.mp4,2826,car,2,765,775,25.5,25.833,4,1.0,0.6243,car,2,1.0,0
route_c,CCTV-C01,CCTV-C01.mp4,2863,car,2,778,779,25.933,25.967,2,1.0,0.5971,car,2,1.0,0
route_c,CCTV-C01,CCTV-C01.mp4,2882,car,2,786,833,26.2,27.767,5,1.0,0.6302,car,2,1.0,0
route_c,CCTV-C01,CCTV-C01.mp4,2943,car,2,810,816,27.0,27.2,3,1.0,0.6636,car,2,1.0,0
route_c,CCTV-C01,CCTV-C01.mp4,2948,car,2,812,828,27.067,27.6,5,1.0,0.6818,car,2,1.0,0
route_c,CCTV-C01,CCTV-C01.mp4,2978,car,2,822,822,27.4,27.4,1,1.0,0.7123,car,2,1.0,0
route_c,CCTV-C01,CCTV-C01.mp4,3075,car,2,866,885,28.867,29.5,7,1.0,0.5926,car,2,1.0,0
route_c,CCTV-C01,CCTV-C01.mp4,3191,car,2,922,938,30.733,31.267,3,1.0,0.7781,car,2,1.0,0
route_c,CCTV-C01,CCTV-C01.mp4,3275,car,2,951,1015,31.7,33.833,6,1.0,0.694,car,2,1.0,0
route_c,CCTV-C01,CCTV-C01.mp4,3306,car,2,967,972,32.233,32.4,3,1.0,0.7311,car,2,1.0,0
route_c,CCTV-C01,CCTV-C01.mp4,3327,car,2,970,1019,32.333,33.967,3,1.0,0.7077,car,2,1.0,0
route_c,CCTV-C01,CCTV-C01.mp4,3383,car,2,983,983,32.767,32.767,1,1.0,0.5317,car,2,1.0,0
route_c,CCTV-C01,CCTV-C01.mp4,3384,car,2,984,984,32.8,32.8,1,1.0,0.5345,car,2,1.0,0
route_c,CCTV-C01,CCTV-C01.mp4,3539,car,2,1051,1057,35.033,35.233,3,1.0,0.5688,car,2,1.0,0
route_c,CCTV-C01,CCTV-C01.mp4,3609,car,2,1084,1094,36.133,36.467,3,1.0,0.8434,car,2,1.0,0
route_c,CCTV-C01,CCTV-C01.mp4,3762,car,2,1146,1159,38.2,38.633,3,1.0,0.7274,car,2,1.0,0
route_c,CCTV-C01,CCTV-C01.mp4,3790,car,2,1160,1170,38.667,39.0,2,1.0,0.6909,car,2,1.0,0
route_c,CCTV-C01,CCTV-C01.mp4,3795,car,2,1162,1162,38.733,38.733,1,1.0,0.6577,car,2,1.0,0
route_c,CCTV-C01,CCTV-C01.mp4,3805,car,2,1166,1187,38.867,39.567,3,1.0,0.522,car,2,1.0,0
route_c,CCTV-C01,CCTV-C01.mp4,3809,car,2,1167,1168,38.9,38.933,2,1.0,0.6307,car,2,1.0,0
route_c,CCTV-C01,CCTV-C01.mp4,3815,car,2,1171,1194,39.033,39.8,2,1.0,0.7456,car,2,1.0,0
route_c,CCTV-C01,CCTV-C01.mp4,3987,car,2,1245,1267,41.5,42.233,4,1.0,0.5729,car,2,1.0,0
route_c,CCTV-C01,CCTV-C01.mp4,4036,car,2,1261,1266,42.033,42.2,2,1.0,0.4594,car,2,1.0,0
route_c,CCTV-C01,CCTV-C01.mp4,4037,car,2,1261,1268,42.033,42.267,3,1.0,0.5787,car,2,1.0,0
route_c,CCTV-C01,CCTV-C01.mp4,4114,car,2,1291,1326,43.033,44.2,9,1.0,0.6692,car,2,1.0,0
route_c,CCTV-C01,CCTV-C01.mp4,4167,car,2,1309,1329,43.633,44.3,2,1.0,0.4235,car,2,1.0,0
route_c,CCTV-C01,CCTV-C01.mp4,4232,car,2,1336,1531,44.533,51.033,21,1.0,0.5666,car,2,1.0,0
route_c,CCTV-C01,CCTV-C01.mp4,4234,car,2,1337,1413,44.567,47.1,9,1.0,0.6157,car,2,1.0,0
route_c,CCTV-C01,CCTV-C01.mp4,4283,car,2,1354,1396,45.133,46.533,5,1.0,0.5399,car,2,1.0,0
route_c,CCTV-C01,CCTV-C01.mp4,4307,car,2,1361,1377,45.367,45.9,6,1.0,0.5755,car,2,1.0,0
route_c,CCTV-C01,CCTV-C01.mp4,4400,car,2,1386,1456,46.2,48.533,6,1.0,0.5347,car,2,1.0,0
route_c,CCTV-C01,CCTV-C01.mp4,4454,car,2,1402,1402,46.733,46.733,1,1.0,0.6966,car,2,1.0,0
route_c,CCTV-C01,CCTV-C01.mp4,4653,car,2,1460,1473,48.667,49.1,3,1.0,0.5789,car,2,1.0,0
route_c,CCTV-C01,CCTV-C01.mp4,4663,car,2,1462,1462,48.733,48.733,1,1.0,0.5905,car,2,1.0,0
route_c,CCTV-C01,CCTV-C01.mp4,4704,car,2,1472,1472,49.067,49.067,1,1.0,0.5076,car,2,1.0,0
route_c,CCTV-C01,CCTV-C01.mp4,4744,car,2,1488,1490,49.6,49.667,2,1.0,0.679,car,2,1.0,0
route_c,CCTV-C01,CCTV-C01.mp4,4748,car,2,1489,1562,49.633,52.067,13,1.0,0.6143,car,2,1.0,0
route_c,CCTV-C01,CCTV-C01.mp4,4776,car,2,1494,1495,49.8,49.833,2,1.0,0.596,car,2,1.0,0
route_c,CCTV-C01,CCTV-C01.mp4,4783,car,2,1495,1547,49.833,51.567,8,0.875,0.6318,car,2,1.0,0
route_c,CCTV-C01,CCTV-C01.mp4,4796,car,2,1498,1501,49.933,50.033,2,1.0,0.5225,car,2,1.0,0
route_c,CCTV-C01,CCTV-C01.mp4,4926,car,2,1535,1538,51.167,51.267,2,1.0,0.5118,car,2,1.0,0
route_c,CCTV-C01,CCTV-C01.mp4,4930,car,2,1537,1563,51.233,52.1,5,1.0,0.5403,car,2,1.0,0
route_c,CCTV-C01,CCTV-C01.mp4,4935,car,2,1538,1562,51.267,52.067,6,1.0,0.62,car,2,1.0,0
route_c,CCTV-C01,CCTV-C01.mp4,5011,car,2,1557,1604,51.9,53.467,4,1.0,0.5238,car,2,1.0,0
route_c,CCTV-C01,CCTV-C01.mp4,5026,car,2,1563,1626,52.1,54.2,7,1.0,0.562,car,2,1.0,0
route_c,CCTV-C01,CCTV-C01.mp4,5055,car,2,1576,1595,52.533,53.167,4,1.0,0.5805,car,2,1.0,0
route_c,CCTV-C01,CCTV-C01.mp4,5058,car,2,1577,1661,52.567,55.367,17,1.0,0.6111,car,2,1.0,0
route_c,CCTV-C01,CCTV-C01.mp4,5111,car,2,1596,1602,53.2,53.4,4,1.0,0.6224,car,2,1.0,0
route_c,CCTV-C01,CCTV-C01.mp4,5216,car,2,1627,1643,54.233,54.767,5,1.0,0.5835,car,2,1.0,0
route_c,CCTV-C01,CCTV-C01.mp4,5228,car,2,1631,1633,54.367,54.433,2,1.0,0.5408,car,2,1.0,0
route_c,CCTV-C01,CCTV-C01.mp4,5231,car,2,1631,1645,54.367,54.833,4,1.0,0.5669,car,2,1.0,0
route_c,CCTV-C01,CCTV-C01.mp4,5260,car,2,1644,1654,54.8,55.133,3,1.0,0.5708,car,2,1.0,0
route_c,CCTV-C01,CCTV-C01.mp4,5305,car,2,1660,1662,55.333,55.4,2,1.0,0.6408,car,2,1.0,0
route_c,CCTV-C01,CCTV-C01.mp4,5327,car,2,1665,1721,55.5,57.367,7,1.0,0.5957,car,2,1.0,0
route_c,CCTV-C01,CCTV-C01.mp4,5356,car,2,1676,1694,55.867,56.467,4,1.0,0.6847,car,2,1.0,0
route_c,CCTV-C01,CCTV-C01.mp4,5357,car,2,1676,1771,55.867,59.033,15,1.0,0.6318,car,2,1.0,0
route_c,CCTV-C01,CCTV-C01.mp4,5360,car,2,1677,1756,55.9,58.533,10,1.0,0.5208,car,2,1.0,0
route_c,CCTV-C01,CCTV-C01.mp4,5372,car,2,1680,1690,56.0,56.333,3,1.0,0.5157,car,2,1.0,0
route_c,CCTV-C01,CCTV-C01.mp4,5377,car,2,1681,1699,56.033,56.633,3,1.0,0.6812,car,2,1.0,0
route_c,CCTV-C01,CCTV-C01.mp4,5423,car,2,1701,1715,56.7,57.167,9,1.0,0.5762,car,2,1.0,0
route_c,CCTV-C01,CCTV-C01.mp4,5456,car,2,1709,1714,56.967,57.133,2,1.0,0.509,car,2,1.0,0
route_c,CCTV-C01,CCTV-C01.mp4,5464,car,2,1711,1735,57.033,57.833,4,1.0,0.5939,car,2,1.0,0
route_c,CCTV-C01,CCTV-C01.mp4,5522,car,2,1729,1826,57.633,60.867,16,0.875,0.6998,car,2,1.0,0
route_c,CCTV-C01,CCTV-C01.mp4,5526,car,2,1730,1786,57.667,59.533,7,1.0,0.5876,car,2,1.0,0
route_c,CCTV-C01,CCTV-C01.mp4,5590,car,2,1752,1752,58.4,58.4,1,1.0,0.6202,car,2,1.0,0
route_c,CCTV-C01,CCTV-C01.mp4,5609,car,2,1758,1758,58.6,58.6,1,1.0,0.6639,car,2,1.0,0
route_c,CCTV-C01,CCTV-C01.mp4,5610,car,2,1758,1823,58.6,60.767,10,1.0,0.5537,car,2,1.0,0
route_c,CCTV-C01,CCTV-C01.mp4,5723,car,2,1798,1835,59.933,61.167,4,1.0,0.6729,car,2,1.0,0
route_c,CCTV-C01,CCTV-C01.mp4,5958,car,2,1875,1991,62.5,66.367,21,1.0,0.5973,car,2,1.0,0
route_c,CCTV-C01,CCTV-C01.mp4,5967,car,2,1877,1920,62.567,64.0,3,1.0,0.6148,car,2,1.0,0
route_c,CCTV-C01,CCTV-C01.mp4,6015,car,2,1896,1919,63.2,63.967,4,1.0,0.5245,car,2,1.0,0
route_c,CCTV-C01,CCTV-C01.mp4,6025,car,2,1899,1921,63.3,64.033,5,1.0,0.6005,car,2,1.0,0
route_c,CCTV-C01,CCTV-C01.mp4,6069,car,2,1912,1934,63.733,64.467,3,1.0,0.6153,car,2,1.0,0
route_c,CCTV-C01,CCTV-C01.mp4,6114,car,2,1923,2054,64.1,68.467,16,1.0,0.6396,car,2,1.0,0
route_c,CCTV-C01,CCTV-C01.mp4,6231,car,2,1967,1969,65.567,65.633,3,1.0,0.7682,car,2,1.0,0
route_c,CCTV-C01,CCTV-C01.mp4,6239,car,2,1970,2002,65.667,66.733,4,1.0,0.6397,car,2,1.0,0
route_c,CCTV-C01,CCTV-C01.mp4,6242,car,2,1971,1990,65.7,66.333,2,0.5,0.6153,car,2,1.0,0
route_c,CCTV-C01,CCTV-C01.mp4,6245,car,2,1972,1984,65.733,66.133,3,1.0,0.5027,car,2,1.0,0
route_c,CCTV-C01,CCTV-C01.mp4,6248,car,2,1973,2029,65.767,67.633,6,1.0,0.6078,car,2,1.0,0
route_c,CCTV-C01,CCTV-C01.mp4,6259,car,2,1977,1987,65.9,66.233,2,1.0,0.4968,car,2,1.0,0
route_c,CCTV-C01,CCTV-C01.mp4,6296,car,2,1995,1995,66.5,66.5,1,1.0,0.541,car,2,1.0,0
route_c,CCTV-C01,CCTV-C01.mp4,6446,car,2,2046,2073,68.2,69.1,3,1.0,0.6754,car,2,1.0,0
route_c,CCTV-C01,CCTV-C01.mp4,6476,car,2,2053,2105,68.433,70.167,10,1.0,0.6508,car,2,1.0,0
route_c,CCTV-C01,CCTV-C01.mp4,6485,car,2,2055,2075,68.5,69.167,4,1.0,0.6229,car,2,1.0,0
route_c,CCTV-C01,CCTV-C01.mp4,6531,car,2,2071,2174,69.033,72.467,12,1.0,0.6524,car,2,1.0,0
route_c,CCTV-C01,CCTV-C01.mp4,6537,car,2,2072,2081,69.067,69.367,3,1.0,0.6616,car,2,1.0,0
route_c,CCTV-C01,CCTV-C01.mp4,6552,car,2,2075,2075,69.167,69.167,1,1.0,0.7536,car,2,1.0,0
route_c,CCTV-C01,CCTV-C01.mp4,6645,car,2,2105,2139,70.167,71.3,4,1.0,0.4809,car,2,1.0,0
route_c,CCTV-C01,CCTV-C01.mp4,6687,car,2,2131,2134,71.033,71.133,2,1.0,0.5921,car,2,1.0,0
route_c,CCTV-C01,CCTV-C01.mp4,6793,car,2,2163,2167,72.1,72.233,2,1.0,0.6358,car,2,1.0,0
route_c,CCTV-C01,CCTV-C01.mp4,6960,car,2,2223,2225,74.1,74.167,3,1.0,0.6279,car,2,1.0,0
route_c,CCTV-C01,CCTV-C01.mp4,6984,car,2,2230,2291,74.333,76.367,6,1.0,0.6891,car,2,1.0,0
route_c,CCTV-C01,CCTV-C01.mp4,7023,car,2,2244,2277,74.8,75.9,5,1.0,0.4994,car,2,1.0,0
route_c,CCTV-C01,CCTV-C01.mp4,7047,car,2,2250,2314,75.0,77.133,8,1.0,0.5526,car,2,1.0,0
route_c,CCTV-C01,CCTV-C01.mp4,7067,car,2,2260,2295,75.333,76.5,3,1.0,0.6327,car,2,1.0,0
route_c,CCTV-C01,CCTV-C01.mp4,7077,car,2,2262,2302,75.4,76.733,4,1.0,0.5114,car,2,1.0,0
route_c,CCTV-C01,CCTV-C01.mp4,7228,car,2,2309,2318,76.967,77.267,4,1.0,0.6519,car,2,1.0,0
route_c,CCTV-C01,CCTV-C01.mp4,7232,car,2,2309,2313,76.967,77.1,2,1.0,0.6304,car,2,1.0,0
route_c,CCTV-C01,CCTV-C01.mp4,7292,car,2,2328,2330,77.6,77.667,2,1.0,0.7161,car,2,1.0,0
route_c,CCTV-C01,CCTV-C01.mp4,7424,car,2,2377,2441,79.233,81.367,6,1.0,0.5584,car,2,1.0,0
route_c,CCTV-C01,CCTV-C01.mp4,7429,car,2,2378,2424,79.267,80.8,6,1.0,0.6223,car,2,1.0,0
route_c,CCTV-C01,CCTV-C01.mp4,7434,car,2,2379,2389,79.3,79.633,2,1.0,0.5735,car,2,1.0,0
route_c,CCTV-C01,CCTV-C01.mp4,7439,car,2,2381,2392,79.367,79.733,3,1.0,0.4598,car,2,1.0,0
route_c,CCTV-C01,CCTV-C01.mp4,7473,car,2,2396,2400,79.867,80.0,2,1.0,0.6149,car,2,1.0,0
route_c,CCTV-C01,CCTV-C01.mp4,7476,car,2,2398,2400,79.933,80.0,2,1.0,0.5662,car,2,1.0,0
route_c,CCTV-C01,CCTV-C01.mp4,7487,car,2,2399,2440,79.967,81.333,4,1.0,0.5118,car,2,1.0,0
route_c,CCTV-C01,CCTV-C01.mp4,7491,car,2,2400,2403,80.0,80.1,2,1.0,0.7104,car,2,1.0,0
route_c,CCTV-C01,CCTV-C01.mp4,7498,car,2,2401,2481,80.033,82.7,9,1.0,0.5085,car,2,1.0,0
route_c,CCTV-C01,CCTV-C01.mp4,7550,car,2,2418,2511,80.6,83.7,22,0.9545,0.627,car,2,1.0,0
route_c,CCTV-C01,CCTV-C01.mp4,7552,car,2,2418,2462,80.6,82.067,8,1.0,0.6011,car,2,1.0,0
route_c,CCTV-C01,CCTV-C01.mp4,7567,car,2,2421,2468,80.7,82.267,6,1.0,0.5322,car,2,1.0,0
route_c,CCTV-C01,CCTV-C01.mp4,7648,car,2,2450,2484,81.667,82.8,5,1.0,0.5818,car,2,1.0,0
route_c,CCTV-C01,CCTV-C01.mp4,7672,car,2,2457,2471,81.9,82.367,4,1.0,0.5781,car,2,1.0,0
route_c,CCTV-C01,CCTV-C01.mp4,7775,car,2,2479,2482,82.633,82.733,4,1.0,0.5815,car,2,1.0,0
route_c,CCTV-C01,CCTV-C01.mp4,7798,car,2,2483,2520,82.767,84.0,6,1.0,0.5786,car,2,1.0,0
route_c,CCTV-C01,CCTV-C01.mp4,7833,car,2,2489,2523,82.967,84.1,6,1.0,0.6452,car,2,1.0,0
route_c,CCTV-C01,CCTV-C01.mp4,7840,car,2,2490,2554,83.0,85.133,7,1.0,0.571,car,2,1.0,0
route_c,CCTV-C01,CCTV-C01.mp4,7913,car,2,2515,2593,83.833,86.433,8,1.0,0.5723,car,2,1.0,0
route_c,CCTV-C01,CCTV-C01.mp4,7935,car,2,2520,2595,84.0,86.5,10,1.0,0.6158,car,2,1.0,0
route_c,CCTV-C01,CCTV-C01.mp4,7937,car,2,2520,2541,84.0,84.7,4,1.0,0.6919,car,2,1.0,0
route_c,CCTV-C01,CCTV-C01.mp4,7946,car,2,2521,2552,84.033,85.067,5,1.0,0.6115,car,2,1.0,0
route_c,CCTV-C01,CCTV-C01.mp4,7963,car,2,2523,2529,84.1,84.3,3,1.0,0.5299,car,2,1.0,0
route_c,CCTV-C01,CCTV-C01.mp4,7969,car,2,2525,2568,84.167,85.6,6,1.0,0.6006,car,2,1.0,0
route_c,CCTV-C01,CCTV-C01.mp4,8011,car,2,2537,2562,84.567,85.4,4,1.0,0.5577,car,2,1.0,0
route_c,CCTV-C01,CCTV-C01.mp4,8149,car,2,2571,2629,85.7,87.633,9,1.0,0.5886,car,2,1.0,0
route_c,CCTV-C01,CCTV-C01.mp4,8190,car,2,2592,2593,86.4,86.433,2,1.0,0.6709,car,2,1.0,0
route_c,CCTV-C01,CCTV-C01.mp4,8218,car,2,2597,2625,86.567,87.5,6,1.0,0.6154,car,2,1.0,0
route_c,CCTV-C01,CCTV-C01.mp4,8230,car,2,2600,2629,86.667,87.633,3,1.0,0.4873,car,2,1.0,0
route_c,CCTV-C01,CCTV-C01.mp4,8268,car,2,2617,2619,87.233,87.3,2,1.0,0.6878,car,2,1.0,0
route_c,CCTV-C01,CCTV-C01.mp4,8291,car,2,2625,2641,87.5,88.033,6,1.0,0.5644,car,2,1.0,0
route_c,CCTV-C01,CCTV-C01.mp4,8375,car,2,2646,2678,88.2,89.267,4,1.0,0.6607,car,2,1.0,0
route_c,CCTV-C01,CCTV-C01.mp4,8409,car,2,2655,2705,88.5,90.167,5,1.0,0.4981,car,2,1.0,0
route_c,CCTV-C01,CCTV-C01.mp4,8442,car,2,2661,2755,88.7,91.833,14,1.0,0.5577,car,2,1.0,0
route_c,CCTV-C01,CCTV-C01.mp4,8603,car,2,2711,2715,90.367,90.5,3,0.6667,0.5425,car,2,1.0,0
route_c,CCTV-C01,CCTV-C01.mp4,8676,car,2,2734,2839,91.133,94.633,17,1.0,0.6011,car,2,1.0,0
route_c,CCTV-C01,CCTV-C01.mp4,8690,car,2,2738,2759,91.267,91.967,9,1.0,0.5603,car,2,1.0,0
route_c,CCTV-C01,CCTV-C01.mp4,8694,car,2,2738,2767,91.267,92.233,6,1.0,0.5203,car,2,1.0,0
route_c,CCTV-C01,CCTV-C01.mp4,8695,car,2,2738,2738,91.267,91.267,1,1.0,0.565,car,2,1.0,0
route_c,CCTV-C01,CCTV-C01.mp4,8696,car,2,2739,2781,91.3,92.7,10,1.0,0.5409,car,2,1.0,0
route_c,CCTV-C01,CCTV-C01.mp4,8851,car,2,2783,2787,92.767,92.9,2,1.0,0.5195,car,2,1.0,0
route_c,CCTV-C01,CCTV-C01.mp4,8858,car,2,2785,2800,92.833,93.333,2,1.0,0.4415,car,2,1.0,0
route_c,CCTV-C01,CCTV-C01.mp4,8872,car,2,2789,2807,92.967,93.567,2,1.0,0.4671,car,2,1.0,0
route_c,CCTV-C01,CCTV-C01.mp4,8968,car,2,2828,2941,94.267,98.033,16,0.9375,0.5936,car,2,1.0,0
route_c,CCTV-C01,CCTV-C01.mp4,8976,car,2,2830,2936,94.333,97.867,9,1.0,0.5768,car,2,1.0,0
route_c,CCTV-C01,CCTV-C01.mp4,8983,car,2,2832,2833,94.4,94.433,2,1.0,0.6871,car,2,1.0,0
route_c,CCTV-C01,CCTV-C01.mp4,8987,car,2,2833,2834,94.433,94.467,2,1.0,0.5798,car,2,1.0,0
route_c,CCTV-C01,CCTV-C01.mp4,9103,car,2,2872,2890,95.733,96.333,2,1.0,0.4117,car,2,1.0,0
route_c,CCTV-C01,CCTV-C01.mp4,9269,car,2,2914,3042,97.133,101.4,19,1.0,0.6037,car,2,1.0,0
route_c,CCTV-C01,CCTV-C01.mp4,9289,car,2,2917,2929,97.233,97.633,3,1.0,0.6395,car,2,1.0,0
route_c,CCTV-C01,CCTV-C01.mp4,9291,car,2,2918,2925,97.267,97.5,3,1.0,0.5534,car,2,1.0,0
route_c,CCTV-C01,CCTV-C01.mp4,9374,car,2,2945,3114,98.167,103.8,27,1.0,0.638,car,2,1.0,0
route_c,CCTV-C01,CCTV-C01.mp4,9425,car,2,2954,3121,98.467,104.033,18,1.0,0.5735,car,2,1.0,0
route_c,CCTV-C01,CCTV-C01.mp4,9512,car,2,2975,2976,99.167,99.2,2,1.0,0.4587,car,2,1.0,0
route_c,CCTV-C01,CCTV-C01.mp4,9634,car,2,3005,3062,100.167,102.067,7,1.0,0.5355,car,2,1.0,0
route_c,CCTV-C01,CCTV-C01.mp4,9661,car,2,3013,3082,100.433,102.733,7,1.0,0.5016,car,2,1.0,0
route_c,CCTV-C01,CCTV-C01.mp4,9941,car,2,3091,3132,103.033,104.4,5,1.0,0.7491,car,2,1.0,0
route_c,CCTV-C01,CCTV-C01.mp4,10004,car,2,3116,3182,103.867,106.067,9,1.0,0.601,car,2,1.0,0
route_c,CCTV-C01,CCTV-C01.mp4,10110,car,2,3147,3179,104.9,105.967,2,1.0,0.6702,car,2,1.0,0
route_c,CCTV-C01,CCTV-C01.mp4,10118,car,2,3148,3154,104.933,105.133,3,1.0,0.6208,car,2,1.0,0
route_c,CCTV-C01,CCTV-C01.mp4,10150,car,2,3157,3179,105.233,105.967,4,1.0,0.6679,car,2,1.0,0
route_c,CCTV-C01,CCTV-C01.mp4,10166,car,2,3161,3290,105.367,109.667,17,1.0,0.5443,car,2,1.0,0
route_c,CCTV-C01,CCTV-C01.mp4,10171,car,2,3162,3193,105.4,106.433,4,1.0,0.6211,car,2,1.0,0
route_c,CCTV-C01,CCTV-C01.mp4,10190,car,2,3172,3175,105.733,105.833,2,1.0,0.5553,car,2,1.0,0
route_c,CCTV-C01,CCTV-C01.mp4,10193,car,2,3173,3232,105.767,107.733,6,1.0,0.561,car,2,1.0,0
route_c,CCTV-C01,CCTV-C01.mp4,10221,car,2,3178,3199,105.933,106.633,6,1.0,0.6083,car,2,1.0,0
route_c,CCTV-C01,CCTV-C01.mp4,10336,car,2,3211,3302,107.033,110.067,11,1.0,0.6457,car,2,1.0,0
route_c,CCTV-C01,CCTV-C01.mp4,10341,car,2,3212,3312,107.067,110.4,8,0.875,0.5314,car,2,1.0,0
route_c,CCTV-C01,CCTV-C01.mp4,10358,car,2,3219,3292,107.3,109.733,7,1.0,0.6022,car,2,1.0,0
route_c,CCTV-C01,CCTV-C01.mp4,10374,car,2,3223,3251,107.433,108.367,7,1.0,0.5336,car,2,1.0,0
route_c,CCTV-C01,CCTV-C01.mp4,10389,car,2,3227,3239,107.567,107.967,2,1.0,0.5906,car,2,1.0,0
route_c,CCTV-C01,CCTV-C01.mp4,10419,car,2,3237,3290,107.9,109.667,6,1.0,0.5678,car,2,1.0,0
route_c,CCTV-C01,CCTV-C01.mp4,10463,car,2,3251,3251,108.367,108.367,1,1.0,0.6492,car,2,1.0,0
route_c,CCTV-C01,CCTV-C01.mp4,10520,car,2,3272,3395,109.067,113.167,11,1.0,0.5349,car,2,1.0,0
route_c,CCTV-C01,CCTV-C01.mp4,10548,car,2,3286,3286,109.533,109.533,1,1.0,0.565,car,2,1.0,0
route_c,CCTV-C01,CCTV-C01.mp4,10665,car,2,3329,3344,110.967,111.467,2,1.0,0.6647,car,2,1.0,0
route_c,CCTV-C01,CCTV-C01.mp4,10740,car,2,3358,3366,111.933,112.2,2,1.0,0.4831,car,2,1.0,0
route_c,CCTV-C01,CCTV-C01.mp4,10780,car,2,3372,3372,112.4,112.4,1,1.0,0.5811,car,2,1.0,0
route_c,CCTV-C01,CCTV-C01.mp4,10850,car,2,3400,3481,113.333,116.033,12,1.0,0.638,car,2,1.0,0
route_c,CCTV-C01,CCTV-C01.mp4,10859,car,2,3404,3408,113.467,113.6,3,1.0,0.5742,car,2,1.0,0
route_c,CCTV-C01,CCTV-C01.mp4,10907,car,2,3419,3426,113.967,114.2,2,1.0,0.6586,car,2,1.0,0
route_c,CCTV-C01,CCTV-C01.mp4,10913,car,2,3420,3461,114.0,115.367,5,1.0,0.4815,car,2,1.0,0
route_c,CCTV-C01,CCTV-C01.mp4,10918,car,2,3421,3435,114.033,114.5,3,1.0,0.4865,car,2,1.0,0
route_c,CCTV-C01,CCTV-C01.mp4,10951,car,2,3428,3429,114.267,114.3,2,1.0,0.5995,car,2,1.0,0
route_c,CCTV-C01,CCTV-C01.mp4,10965,car,2,3431,3436,114.367,114.533,2,1.0,0.5187,car,2,1.0,0
route_c,CCTV-C01,CCTV-C01.mp4,11061,car,2,3452,3456,115.067,115.2,2,1.0,0.6375,car,2,1.0,0
route_c,CCTV-C01,CCTV-C01.mp4,11072,car,2,3456,3496,115.2,116.533,5,1.0,0.5785,car,2,1.0,0
route_c,CCTV-C01,CCTV-C01.mp4,11075,car,2,3458,3458,115.267,115.267,1,1.0,0.6573,car,2,1.0,0
route_c,CCTV-C01,CCTV-C01.mp4,11142,car,2,3484,3637,116.133,121.233,28,1.0,0.6431,car,2,1.0,0
route_c,CCTV-C01,CCTV-C01.mp4,11145,car,2,3485,3494,116.167,116.467,2,1.0,0.5278,car,2,1.0,0
route_c,CCTV-C01,CCTV-C01.mp4,11171,car,2,3496,3501,116.533,116.7,3,1.0,0.5644,car,2,1.0,0
route_c,CCTV-C01,CCTV-C01.mp4,11285,car,2,3531,3531,117.7,117.7,1,1.0,0.6125,car,2,1.0,0
route_c,CCTV-C01,CCTV-C01.mp4,11286,car,2,3531,3542,117.7,118.067,2,1.0,0.389,car,2,1.0,0
route_c,CCTV-C01,CCTV-C01.mp4,11292,car,2,3532,3574,117.733,119.133,5,1.0,0.5091,car,2,1.0,0
route_c,CCTV-C01,CCTV-C01.mp4,11403,car,2,3556,3576,118.533,119.2,3,1.0,0.6147,car,2,1.0,0
route_c,CCTV-C01,CCTV-C01.mp4,11431,car,2,3567,3577,118.9,119.233,4,1.0,0.6801,car,2,1.0,0
route_c,CCTV-C01,CCTV-C01.mp4,11468,car,2,3583,3684,119.433,122.8,9,1.0,0.5616,car,2,1.0,0
route_c,CCTV-C01,CCTV-C01.mp4,11474,car,2,3584,3635,119.467,121.167,6,1.0,0.5039,car,2,1.0,0
route_c,CCTV-C01,CCTV-C01.mp4,11513,car,2,3592,3618,119.733,120.6,6,1.0,0.5614,car,2,1.0,0
route_c,CCTV-C01,CCTV-C01.mp4,11600,car,2,3619,3630,120.633,121.0,3,1.0,0.5683,car,2,1.0,0
route_c,CCTV-C01,CCTV-C01.mp4,11627,car,2,3626,3626,120.867,120.867,1,1.0,0.4912,car,2,1.0,0
route_c,CCTV-C01,CCTV-C01.mp4,11642,car,2,3629,3638,120.967,121.267,2,1.0,0.571,car,2,1.0,0
route_c,CCTV-C01,CCTV-C01.mp4,11644,car,2,3630,3682,121.0,122.733,9,0.8889,0.583,car,2,1.0,0
route_c,CCTV-C01,CCTV-C01.mp4,11646,car,2,3630,3662,121.0,122.067,3,1.0,0.4437,car,2,1.0,0
route_c,CCTV-C01,CCTV-C01.mp4,11660,car,2,3646,3713,121.533,123.767,9,1.0,0.5769,car,2,1.0,0
route_c,CCTV-C01,CCTV-C01.mp4,11743,car,2,3673,3724,122.433,124.133,7,1.0,0.6332,car,2,1.0,0
route_c,CCTV-C01,CCTV-C01.mp4,11751,car,2,3675,3771,122.5,125.7,12,1.0,0.5326,car,2,1.0,0
route_c,CCTV-C01,CCTV-C01.mp4,11766,car,2,3679,3727,122.633,124.233,10,1.0,0.6371,car,2,1.0,0
route_c,CCTV-C01,CCTV-C01.mp4,11774,car,2,3681,3782,122.7,126.067,8,1.0,0.6396,car,2,1.0,0
route_c,CCTV-C01,CCTV-C01.mp4,11775,car,2,3682,3751,122.733,125.033,6,1.0,0.5315,car,2,1.0,0
route_c,CCTV-C01,CCTV-C01.mp4,11840,car,2,3703,3783,123.433,126.1,12,1.0,0.6909,car,2,1.0,0
route_c,CCTV-C01,CCTV-C01.mp4,11904,car,2,3724,3725,124.133,124.167,2,1.0,0.6199,car,2,1.0,0
route_c,CCTV-C01,CCTV-C01.mp4,11924,car,2,3733,3758,124.433,125.267,3,1.0,0.6265,car,2,1.0,0
route_c,CCTV-C01,CCTV-C01.mp4,11939,car,2,3740,3742,124.667,124.733,2,1.0,0.6847,car,2,1.0,0
route_c,CCTV-C01,CCTV-C01.mp4,11942,car,2,3740,3740,124.667,124.667,1,1.0,0.6095,car,2,1.0,0
route_c,CCTV-C01,CCTV-C01.mp4,11991,car,2,3760,3808,125.333,126.933,5,1.0,0.6412,car,2,1.0,0
route_c,CCTV-C01,CCTV-C01.mp4,12030,car,2,3782,3784,126.067,126.133,3,1.0,0.6504,car,2,1.0,0
route_c,CCTV-C01,CCTV-C01.mp4,12059,car,2,3793,3814,126.433,127.133,5,1.0,0.6545,car,2,1.0,0
route_c,CCTV-C01,CCTV-C01.mp4,12097,car,2,3803,3826,126.767,127.533,5,1.0,0.748,car,2,1.0,0
route_c,CCTV-C01,CCTV-C01.mp4,12124,car,2,3809,3918,126.967,130.6,12,1.0,0.5311,car,2,1.0,0
route_c,CCTV-C01,CCTV-C01.mp4,12176,car,2,3823,3824,127.433,127.467,2,1.0,0.7965,car,2,1.0,0
route_c,CCTV-C01,CCTV-C01.mp4,12180,car,2,3823,3824,127.433,127.467,2,1.0,0.5494,car,2,1.0,0
route_c,CCTV-C01,CCTV-C01.mp4,12188,car,2,3825,3874,127.5,129.133,7,1.0,0.5435,car,2,1.0,0
route_c,CCTV-C01,CCTV-C01.mp4,12202,car,2,3828,3884,127.6,129.467,5,1.0,0.5211,car,2,1.0,0
route_c,CCTV-C01,CCTV-C01.mp4,12209,car,2,3830,3837,127.667,127.9,3,1.0,0.674,car,2,1.0,0
route_c,CCTV-C01,CCTV-C01.mp4,12221,car,2,3832,3869,127.733,128.967,4,1.0,0.6458,car,2,1.0,0
route_c,CCTV-C01,CCTV-C01.mp4,12276,car,2,3851,3854,128.367,128.467,2,1.0,0.7171,car,2,1.0,0
route_c,CCTV-C01,CCTV-C01.mp4,12464,car,2,3900,3909,130.0,130.3,2,1.0,0.6609,car,2,1.0,0
route_c,CCTV-C01,CCTV-C01.mp4,12470,car,2,3902,3914,130.067,130.467,5,1.0,0.6918,car,2,1.0,0
route_c,CCTV-C01,CCTV-C01.mp4,12511,car,2,3916,3944,130.533,131.467,4,1.0,0.4462,car,2,1.0,0
route_c,CCTV-C01,CCTV-C01.mp4,12536,car,2,3922,4090,130.733,136.333,21,1.0,0.6,car,2,1.0,0
route_c,CCTV-C01,CCTV-C01.mp4,12577,car,2,3937,4008,131.233,133.6,6,1.0,0.5731,car,2,1.0,0
route_c,CCTV-C01,CCTV-C01.mp4,12597,car,2,3948,3965,131.6,132.167,4,1.0,0.694,car,2,1.0,0
route_c,CCTV-C01,CCTV-C01.mp4,12649,car,2,3963,4031,132.1,134.367,5,1.0,0.588,car,2,1.0,0
route_c,CCTV-C01,CCTV-C01.mp4,12654,car,2,3966,4002,132.2,133.4,7,1.0,0.6256,car,2,1.0,0
route_c,CCTV-C01,CCTV-C01.mp4,12656,car,2,3967,3982,132.233,132.733,5,1.0,0.5653,car,2,1.0,0
route_c,CCTV-C01,CCTV-C01.mp4,12664,car,2,3968,3973,132.267,132.433,2,1.0,0.6144,car,2,1.0,0
route_c,CCTV-C01,CCTV-C01.mp4,12672,car,2,3970,4007,132.333,133.567,4,1.0,0.4943,car,2,1.0,0
route_c,CCTV-C01,CCTV-C01.mp4,12734,car,2,3988,4012,132.933,133.733,5,1.0,0.5872,car,2,1.0,0
route_c,CCTV-C01,CCTV-C01.mp4,12744,car,2,3991,4082,133.033,136.067,10,1.0,0.6087,car,2,1.0,0
route_c,CCTV-C01,CCTV-C01.mp4,12803,car,2,4004,4010,133.467,133.667,3,1.0,0.648,car,2,1.0,0
route_c,CCTV-C01,CCTV-C01.mp4,12817,car,2,4006,4074,133.533,135.8,12,1.0,0.5857,car,2,1.0,0
route_c,CCTV-C01,CCTV-C01.mp4,12846,car,2,4017,4056,133.9,135.2,10,1.0,0.6038,car,2,1.0,0
route_c,CCTV-C01,CCTV-C01.mp4,13030,car,2,4064,4097,135.467,136.567,9,1.0,0.6514,car,2,1.0,0
route_c,CCTV-C01,CCTV-C01.mp4,13039,car,2,4067,4075,135.567,135.833,4,1.0,0.5715,car,2,1.0,0
route_c,CCTV-C01,CCTV-C01.mp4,13096,car,2,4082,4191,136.067,139.7,15,1.0,0.5763,car,2,1.0,0
route_c,CCTV-C01,CCTV-C01.mp4,13147,car,2,4096,4097,136.533,136.567,2,1.0,0.6818,car,2,1.0,0
route_c,CCTV-C01,CCTV-C01.mp4,13221,car,2,4113,4150,137.1,138.333,5,1.0,0.7199,car,2,1.0,0
route_c,CCTV-C01,CCTV-C01.mp4,13224,car,2,4114,4229,137.133,140.967,16,1.0,0.5959,car,2,1.0,0
route_c,CCTV-C01,CCTV-C01.mp4,13227,car,2,4114,4155,137.133,138.5,5,1.0,0.6203,car,2,1.0,0
route_c,CCTV-C01,CCTV-C01.mp4,13240,car,2,4117,4117,137.233,137.233,1,1.0,0.5261,car,2,1.0,0
route_c,CCTV-C01,CCTV-C01.mp4,13246,car,2,4118,4186,137.267,139.533,4,1.0,0.6279,car,2,1.0,0
route_c,CCTV-C01,CCTV-C01.mp4,13322,car,2,4144,4188,138.133,139.6,6,1.0,0.543,car,2,1.0,0
route_c,CCTV-C01,CCTV-C01.mp4,13333,car,2,4146,4170,138.2,139.0,3,1.0,0.5792,car,2,1.0,0
route_c,CCTV-C01,CCTV-C01.mp4,13371,car,2,4154,4158,138.467,138.6,2,1.0,0.4934,car,2,1.0,0
route_c,CCTV-C01,CCTV-C01.mp4,13373,car,2,4155,4306,138.5,143.533,15,1.0,0.5802,car,2,1.0,0
route_c,CCTV-C01,CCTV-C01.mp4,13377,car,2,4156,4334,138.533,144.467,23,1.0,0.5703,car,2,1.0,0
route_c,CCTV-C01,CCTV-C01.mp4,13397,car,2,4163,4185,138.767,139.5,4,1.0,0.7054,car,2,1.0,0
route_c,CCTV-C01,CCTV-C01.mp4,13413,car,2,4168,4170,138.933,139.0,2,1.0,0.6404,car,2,1.0,0
route_c,CCTV-C01,CCTV-C01.mp4,13417,car,2,4169,4222,138.967,140.733,13,1.0,0.6724,car,2,1.0,0
route_c,CCTV-C01,CCTV-C01.mp4,13422,car,2,4170,4178,139.0,139.267,3,1.0,0.5791,car,2,1.0,0
route_c,CCTV-C01,CCTV-C01.mp4,13459,car,2,4179,4254,139.3,141.8,10,1.0,0.6757,car,2,1.0,0
route_c,CCTV-C01,CCTV-C01.mp4,13510,car,2,4193,4299,139.767,143.3,19,1.0,0.5138,car,2,1.0,0
route_c,CCTV-C01,CCTV-C01.mp4,13627,car,2,4221,4247,140.7,141.567,5,0.8,0.5076,car,2,1.0,0
route_c,CCTV-C01,CCTV-C01.mp4,13728,car,2,4248,4254,141.6,141.8,3,1.0,0.6082,car,2,1.0,0
route_c,CCTV-C01,CCTV-C01.mp4,13756,car,2,4255,4316,141.833,143.867,9,1.0,0.6847,car,2,1.0,0
route_c,CCTV-C01,CCTV-C01.mp4,13773,car,2,4258,4268,141.933,142.267,3,1.0,0.6684,car,2,1.0,0
route_c,CCTV-C01,CCTV-C01.mp4,13809,car,2,4265,4271,142.167,142.367,4,1.0,0.6586,car,2,1.0,0
route_c,CCTV-C01,CCTV-C01.mp4,13812,car,2,4265,4295,142.167,143.167,5,1.0,0.505,car,2,1.0,0
route_c,CCTV-C01,CCTV-C01.mp4,13823,car,2,4269,4366,142.3,145.533,11,0.9091,0.6469,car,2,1.0,0
route_c,CCTV-C01,CCTV-C01.mp4,13825,car,2,4270,4296,142.333,143.2,3,1.0,0.6187,car,2,1.0,0
route_c,CCTV-C01,CCTV-C01.mp4,13828,car,2,4271,4274,142.367,142.467,3,1.0,0.636,car,2,1.0,0
route_c,CCTV-C01,CCTV-C01.mp4,13833,car,2,4272,4279,142.4,142.633,3,1.0,0.718,car,2,1.0,0
route_c,CCTV-C01,CCTV-C01.mp4,13938,car,2,4295,4304,143.167,143.467,3,1.0,0.7682,car,2,1.0,0
route_c,CCTV-C01,CCTV-C01.mp4,14022,car,2,4312,4422,143.733,147.4,25,1.0,0.6165,car,2,1.0,0
route_c,CCTV-C01,CCTV-C01.mp4,14026,car,2,4313,4372,143.767,145.733,7,1.0,0.6266,car,2,1.0,0
route_c,CCTV-C01,CCTV-C01.mp4,14034,car,2,4315,4365,143.833,145.5,7,1.0,0.6463,car,2,1.0,0
route_c,CCTV-C01,CCTV-C01.mp4,14039,car,2,4316,4345,143.867,144.833,3,1.0,0.6834,car,2,1.0,0
route_c,CCTV-C01,CCTV-C01.mp4,14042,car,2,4317,4319,143.9,143.967,2,1.0,0.7265,car,2,1.0,0
route_c,CCTV-C01,CCTV-C01.mp4,14056,car,2,4321,4353,144.033,145.1,4,1.0,0.6597,car,2,1.0,0
route_c,CCTV-C01,CCTV-C01.mp4,14093,car,2,4333,4485,144.433,149.5,22,1.0,0.6488,car,2,1.0,0
route_c,CCTV-C01,CCTV-C01.mp4,14118,car,2,4338,4367,144.6,145.567,6,1.0,0.7136,car,2,1.0,0
route_c,CCTV-C01,CCTV-C01.mp4,14128,car,2,4340,4346,144.667,144.867,4,1.0,0.5961,car,2,1.0,0
route_c,CCTV-C01,CCTV-C01.mp4,14166,car,2,4352,4412,145.067,147.067,14,1.0,0.5099,car,2,1.0,0
route_c,CCTV-C01,CCTV-C01.mp4,14231,car,2,4368,4372,145.6,145.733,3,1.0,0.6797,car,2,1.0,0
route_c,CCTV-C01,CCTV-C01.mp4,14236,car,2,4369,4405,145.633,146.833,5,1.0,0.6695,car,2,1.0,0
route_c,CCTV-C01,CCTV-C01.mp4,14259,car,2,4373,4471,145.767,149.033,14,1.0,0.6557,car,2,1.0,0
route_c,CCTV-C01,CCTV-C01.mp4,14303,car,2,4384,4391,146.133,146.367,2,1.0,0.5893,car,2,1.0,0
route_c,CCTV-C01,CCTV-C01.mp4,14417,car,2,4409,4487,146.967,149.567,9,1.0,0.5571,car,2,1.0,0
route_c,CCTV-C01,CCTV-C01.mp4,14461,car,2,4422,4451,147.4,148.367,4,1.0,0.688,car,2,1.0,0
route_c,CCTV-C01,CCTV-C01.mp4,14472,car,2,4425,4446,147.5,148.2,6,1.0,0.6029,car,2,1.0,0
route_c,CCTV-C01,CCTV-C01.mp4,14528,car,2,4434,4439,147.8,147.967,3,1.0,0.5549,car,2,1.0,0
route_c,CCTV-C01,CCTV-C01.mp4,14535,car,2,4436,4448,147.867,148.267,3,1.0,0.5384,car,2,1.0,0
route_c,CCTV-C01,CCTV-C01.mp4,14609,car,2,4450,4490,148.333,149.667,5,1.0,0.6373,car,2,1.0,0
route_c,CCTV-C01,CCTV-C01.mp4,14634,car,2,4455,4467,148.5,148.9,4,1.0,0.7143,car,2,1.0,0
route_c,CCTV-C01,CCTV-C01.mp4,14636,car,2,4455,4457,148.5,148.567,2,1.0,0.7104,car,2,1.0,0
route_c,CCTV-C01,CCTV-C01.mp4,14641,car,2,4456,4457,148.533,148.567,2,1.0,0.5432,car,2,1.0,0
route_c,CCTV-C01,CCTV-C01.mp4,14686,car,2,4469,4557,148.967,151.9,10,1.0,0.6035,car,2,1.0,0
route_c,CCTV-C01,CCTV-C01.mp4,14721,car,2,4479,4630,149.3,154.333,14,1.0,0.5359,car,2,1.0,0
route_c,CCTV-C01,CCTV-C01.mp4,14749,car,2,4484,4493,149.467,149.767,3,1.0,0.725,car,2,1.0,0
route_c,CCTV-C01,CCTV-C01.mp4,14751,car,2,4485,4494,149.5,149.8,3,1.0,0.7323,car,2,1.0,0
route_c,CCTV-C01,CCTV-C01.mp4,14787,car,2,4494,4557,149.8,151.9,5,1.0,0.5257,car,2,1.0,0
route_c,CCTV-C01,CCTV-C01.mp4,14812,car,2,4497,4798,149.9,159.933,37,1.0,0.6586,car,2,1.0,0
route_c,CCTV-C01,CCTV-C01.mp4,14849,car,2,4505,4539,150.167,151.3,7,1.0,0.6569,car,2,1.0,0
route_c,CCTV-C01,CCTV-C01.mp4,14988,car,2,4539,4540,151.3,151.333,2,1.0,0.5019,car,2,1.0,0
route_c,CCTV-C01,CCTV-C01.mp4,15023,car,2,4545,4569,151.5,152.3,5,1.0,0.6596,car,2,1.0,0
route_c,CCTV-C01,CCTV-C01.mp4,15025,car,2,4546,4551,151.533,151.7,4,1.0,0.7921,car,2,1.0,0
route_c,CCTV-C01,CCTV-C01.mp4,15052,car,2,4550,4556,151.667,151.867,3,1.0,0.53,car,2,1.0,0
route_c,CCTV-C01,CCTV-C01.mp4,15061,car,2,4552,4592,151.733,153.067,4,1.0,0.5388,car,2,1.0,0
route_c,CCTV-C01,CCTV-C01.mp4,15117,car,2,4560,4638,152.0,154.6,7,1.0,0.4983,car,2,1.0,0
route_c,CCTV-C01,CCTV-C01.mp4,15125,car,2,4564,4572,152.133,152.4,2,1.0,0.6418,car,2,1.0,0
route_c,CCTV-C01,CCTV-C01.mp4,15154,car,2,4569,4571,152.3,152.367,2,1.0,0.7403,car,2,1.0,0
route_c,CCTV-C01,CCTV-C01.mp4,15368,car,2,4628,4632,154.267,154.4,3,1.0,0.7313,car,2,1.0,0
route_c,CCTV-C01,CCTV-C01.mp4,15370,car,2,4629,4633,154.3,154.433,3,1.0,0.632,car,2,1.0,0
route_c,CCTV-C01,CCTV-C01.mp4,15437,car,2,4644,4644,154.8,154.8,1,1.0,0.541,car,2,1.0,0
route_c,CCTV-C01,CCTV-C01.mp4,15468,car,2,4650,4679,155.0,155.967,5,1.0,0.5054,car,2,1.0,0
route_c,CCTV-C01,CCTV-C01.mp4,15553,car,2,4667,4674,155.567,155.8,3,1.0,0.6094,car,2,1.0,0
route_c,CCTV-C01,CCTV-C01.mp4,15554,car,2,4667,4707,155.567,156.9,8,1.0,0.6257,car,2,1.0,0
route_c,CCTV-C01,CCTV-C01.mp4,15560,car,2,4668,4747,155.6,158.233,10,1.0,0.6511,car,2,1.0,0
route_c,CCTV-C01,CCTV-C01.mp4,15588,car,2,4677,4678,155.9,155.933,2,1.0,0.713,car,2,1.0,0
route_c,CCTV-C01,CCTV-C01.mp4,15606,car,2,4681,4759,156.033,158.633,7,1.0,0.6163,car,2,1.0,0
route_c,CCTV-C01,CCTV-C01.mp4,15614,car,2,4682,4778,156.067,159.267,8,1.0,0.4924,car,2,1.0,0
route_c,CCTV-C01,CCTV-C01.mp4,15643,car,2,4693,4727,156.433,157.567,8,1.0,0.6188,car,2,1.0,0
route_c,CCTV-C01,CCTV-C01.mp4,15658,car,2,4695,4793,156.5,159.767,8,1.0,0.5109,car,2,1.0,0
route_c,CCTV-C01,CCTV-C01.mp4,15758,car,2,4719,4746,157.3,158.2,6,1.0,0.6648,car,2,1.0,0
route_c,CCTV-C01,CCTV-C01.mp4,15805,car,2,4735,4767,157.833,158.9,6,1.0,0.6153,car,2,1.0,0
route_c,CCTV-C01,CCTV-C01.mp4,15852,car,2,4749,4871,158.3,162.367,15,1.0,0.6134,car,2,1.0,0
route_c,CCTV-C01,CCTV-C01.mp4,15854,car,2,4750,4763,158.333,158.767,5,1.0,0.7708,car,2,1.0,0
route_c,CCTV-C01,CCTV-C01.mp4,15891,car,2,4759,4764,158.633,158.8,2,1.0,0.6145,car,2,1.0,0
route_c,CCTV-C01,CCTV-C01.mp4,15910,car,2,4764,4785,158.8,159.5,3,1.0,0.4564,car,2,1.0,0
route_c,CCTV-C01,CCTV-C01.mp4,15919,car,2,4767,4850,158.9,161.667,9,1.0,0.6559,car,2,1.0,0
route_c,CCTV-C01,CCTV-C01.mp4,15923,car,2,4768,4880,158.933,162.667,24,1.0,0.6662,car,2,1.0,0
route_c,CCTV-C01,CCTV-C01.mp4,15926,car,2,4769,4809,158.967,160.3,8,1.0,0.6214,car,2,1.0,0
route_c,CCTV-C01,CCTV-C01.mp4,15992,car,2,4789,4810,159.633,160.333,6,1.0,0.6041,car,2,1.0,0
route_c,CCTV-C01,CCTV-C01.mp4,16024,car,2,4798,4804,159.933,160.133,4,1.0,0.6448,car,2,1.0,0
route_c,CCTV-C01,CCTV-C01.mp4,16092,car,2,4814,4842,160.467,161.4,4,1.0,0.602,car,2,1.0,0
route_c,CCTV-C01,CCTV-C01.mp4,16094,car,2,4815,4815,160.5,160.5,1,1.0,0.547,car,2,1.0,0
route_c,CCTV-C01,CCTV-C01.mp4,16098,car,2,4816,4847,160.533,161.567,2,1.0,0.4909,car,2,1.0,0
route_c,CCTV-C01,CCTV-C01.mp4,16103,car,2,4817,4817,160.567,160.567,1,1.0,0.4958,car,2,1.0,0
route_c,CCTV-C01,CCTV-C01.mp4,16113,car,2,4821,4870,160.7,162.333,9,1.0,0.6015,car,2,1.0,0
route_c,CCTV-C01,CCTV-C01.mp4,16203,car,2,4850,4878,161.667,162.6,8,1.0,0.5938,car,2,1.0,0
route_c,CCTV-C01,CCTV-C01.mp4,16257,car,2,4865,4876,162.167,162.533,2,1.0,0.5782,car,2,1.0,0
route_c,CCTV-C01,CCTV-C01.mp4,16266,car,2,4867,4900,162.233,163.333,3,1.0,0.4123,car,2,1.0,0
route_c,CCTV-C01,CCTV-C01.mp4,16289,car,2,4872,4904,162.4,163.467,2,1.0,0.5439,car,2,1.0,0
route_c,CCTV-C01,CCTV-C01.mp4,16320,car,2,4878,4879,162.6,162.633,2,1.0,0.5235,car,2,1.0,0
route_c,CCTV-C01,CCTV-C01.mp4,16328,car,2,4880,4880,162.667,162.667,1,1.0,0.7072,car,2,1.0,0
route_c,CCTV-C01,CCTV-C01.mp4,16344,car,2,4883,4921,162.767,164.033,3,1.0,0.5361,car,2,1.0,0
route_c,CCTV-C01,CCTV-C01.mp4,16362,car,2,4886,4945,162.867,164.833,4,1.0,0.5787,car,2,1.0,0
route_c,CCTV-C01,CCTV-C01.mp4,16365,car,2,4887,4892,162.9,163.067,2,1.0,0.6569,car,2,1.0,0
route_c,CCTV-C01,CCTV-C01.mp4,16370,car,2,4888,4889,162.933,162.967,2,1.0,0.7648,car,2,1.0,0
route_c,CCTV-C01,CCTV-C01.mp4,16377,car,2,4889,4905,162.967,163.5,4,1.0,0.668,car,2,1.0,0
route_c,CCTV-C01,CCTV-C01.mp4,16407,car,2,4900,4901,163.333,163.367,2,1.0,0.7526,car,2,1.0,0
route_c,CCTV-C01,CCTV-C01.mp4,16415,car,2,4902,4936,163.4,164.533,6,1.0,0.5616,car,2,1.0,0
route_c,CCTV-C01,CCTV-C01.mp4,16478,car,2,4923,4923,164.1,164.1,1,1.0,0.512,car,2,1.0,0
route_c,CCTV-C01,CCTV-C01.mp4,16495,car,2,4928,4938,164.267,164.6,3,1.0,0.4631,car,2,1.0,0
route_c,CCTV-C01,CCTV-C01.mp4,16502,car,2,4930,4980,164.333,166.0,5,1.0,0.6067,car,2,1.0,0
route_c,CCTV-C01,CCTV-C01.mp4,16514,car,2,4938,5009,164.6,166.967,5,1.0,0.4709,car,2,1.0,0
route_c,CCTV-C01,CCTV-C01.mp4,16524,car,2,4943,5002,164.767,166.733,6,1.0,0.4743,car,2,1.0,0
route_c,CCTV-C01,CCTV-C01.mp4,16530,car,2,4946,4961,164.867,165.367,2,1.0,0.6228,car,2,1.0,0
route_c,CCTV-C01,CCTV-C01.mp4,16533,car,2,4947,5009,164.9,166.967,10,1.0,0.5785,car,2,1.0,0
route_c,CCTV-C01,CCTV-C01.mp4,16545,car,2,4950,4982,165.0,166.067,2,1.0,0.4802,car,2,1.0,0
route_c,CCTV-C01,CCTV-C01.mp4,16549,car,2,4951,4972,165.033,165.733,2,1.0,0.4868,car,2,1.0,0
route_c,CCTV-C01,CCTV-C01.mp4,16585,car,2,4976,4992,165.867,166.4,2,1.0,0.4917,car,2,1.0,0
route_c,CCTV-C01,CCTV-C01.mp4,16599,car,2,4979,4997,165.967,166.567,3,1.0,0.6664,car,2,1.0,0
route_c,CCTV-C01,CCTV-C01.mp4,16612,car,2,4987,5087,166.233,169.567,11,1.0,0.5962,car,2,1.0,0
route_c,CCTV-C01,CCTV-C01.mp4,16635,car,2,4999,5003,166.633,166.767,3,1.0,0.641,car,2,1.0,0
route_c,CCTV-C01,CCTV-C01.mp4,16655,car,2,5005,5011,166.833,167.033,2,1.0,0.674,car,2,1.0,0
route_c,CCTV-C01,CCTV-C01.mp4,16709,car,2,5019,5180,167.3,172.667,28,1.0,0.6598,car,2,1.0,0
route_c,CCTV-C01,CCTV-C01.mp4,16736,car,2,5026,5035,167.533,167.833,3,1.0,0.5247,car,2,1.0,0
route_c,CCTV-C01,CCTV-C01.mp4,16779,car,2,5038,5048,167.933,168.267,2,1.0,0.6053,car,2,1.0,0
route_c,CCTV-C01,CCTV-C01.mp4,16808,car,2,5049,5128,168.3,170.933,5,1.0,0.655,car,2,1.0,0
route_c,CCTV-C01,CCTV-C01.mp4,16892,car,2,5075,5149,169.167,171.633,8,1.0,0.5389,car,2,1.0,0
route_c,CCTV-C01,CCTV-C01.mp4,16917,car,2,5078,5168,169.267,172.267,10,1.0,0.5838,car,2,1.0,0
route_c,CCTV-C01,CCTV-C01.mp4,16925,car,2,5080,5080,169.333,169.333,1,1.0,0.5717,car,2,1.0,0
route_c,CCTV-C01,CCTV-C01.mp4,16943,car,2,5086,5098,169.533,169.933,3,1.0,0.7098,car,2,1.0,0
route_c,CCTV-C01,CCTV-C01.mp4,16954,car,2,5088,5092,169.6,169.733,2,1.0,0.6402,car,2,1.0,0
route_c,CCTV-C01,CCTV-C01.mp4,16963,car,2,5090,5090,169.667,169.667,1,1.0,0.5412,car,2,1.0,0
route_c,CCTV-C01,CCTV-C01.mp4,16988,car,2,5096,5220,169.867,174.0,13,1.0,0.6435,car,2,1.0,0
route_c,CCTV-C01,CCTV-C01.mp4,16989,car,2,5096,5200,169.867,173.333,12,1.0,0.6165,car,2,1.0,0
route_c,CCTV-C01,CCTV-C01.mp4,16995,car,2,5098,5100,169.933,170.0,3,1.0,0.656,car,2,1.0,0
route_c,CCTV-C01,CCTV-C01.mp4,16996,car,2,5098,5134,169.933,171.133,5,1.0,0.5997,car,2,1.0,0
route_c,CCTV-C01,CCTV-C01.mp4,17006,car,2,5100,5109,170.0,170.3,2,1.0,0.4093,car,2,1.0,0
route_c,CCTV-C01,CCTV-C01.mp4,17040,car,2,5111,5262,170.367,175.4,12,1.0,0.5531,car,2,1.0,0
route_c,CCTV-C01,CCTV-C01.mp4,17047,car,2,5112,5125,170.4,170.833,3,1.0,0.4602,car,2,1.0,0
route_c,CCTV-C01,CCTV-C01.mp4,17068,car,2,5116,5120,170.533,170.667,2,1.0,0.6395,car,2,1.0,0
route_c,CCTV-C01,CCTV-C01.mp4,17079,car,2,5119,5122,170.633,170.733,2,1.0,0.4616,car,2,1.0,0
route_c,CCTV-C01,CCTV-C01.mp4,17080,car,2,5119,5137,170.633,171.233,3,1.0,0.4644,car,2,1.0,0
route_c,CCTV-C01,CCTV-C01.mp4,17138,car,2,5135,5178,171.167,172.6,5,1.0,0.6878,car,2,1.0,0
route_c,CCTV-C01,CCTV-C01.mp4,17149,car,2,5139,5166,171.3,172.2,3,1.0,0.5202,car,2,1.0,0
route_c,CCTV-C01,CCTV-C01.mp4,17270,car,2,5167,5234,172.233,174.467,7,1.0,0.6405,car,2,1.0,0
route_c,CCTV-C01,CCTV-C01.mp4,17282,car,2,5169,5201,172.3,173.367,2,1.0,0.6888,car,2,1.0,0
route_c,CCTV-C01,CCTV-C01.mp4,17339,car,2,5187,5237,172.9,174.567,10,1.0,0.6732,car,2,1.0,0
route_c,CCTV-C01,CCTV-C01.mp4,17375,car,2,5198,5245,173.267,174.833,6,1.0,0.5073,car,2,1.0,0
route_c,CCTV-C01,CCTV-C01.mp4,17462,car,2,5219,5270,173.967,175.667,7,1.0,0.7361,car,2,1.0,0
route_c,CCTV-C01,CCTV-C01.mp4,17473,car,2,5221,5248,174.033,174.933,4,1.0,0.5485,car,2,1.0,0
route_c,CCTV-C01,CCTV-C01.mp4,17474,car,2,5221,5234,174.033,174.467,3,1.0,0.618,car,2,1.0,0
route_c,CCTV-C01,CCTV-C01.mp4,17479,car,2,5222,5249,174.067,174.967,5,1.0,0.6391,car,2,1.0,0
route_c,CCTV-C01,CCTV-C01.mp4,17487,car,2,5223,5226,174.1,174.2,2,1.0,0.5229,car,2,1.0,0
route_c,CCTV-C01,CCTV-C01.mp4,17494,car,2,5224,5237,174.133,174.567,3,1.0,0.5093,car,2,1.0,0
route_c,CCTV-C01,CCTV-C01.mp4,17646,car,2,5261,5307,175.367,176.9,5,1.0,0.4969,car,2,1.0,0
route_c,CCTV-C01,CCTV-C01.mp4,17725,car,2,5284,5305,176.133,176.833,6,1.0,0.6713,car,2,1.0,0
route_c,CCTV-C01,CCTV-C01.mp4,17752,car,2,5288,5322,176.267,177.4,6,1.0,0.6849,car,2,1.0,0
route_c,CCTV-C01,CCTV-C01.mp4,17762,car,2,5290,5297,176.333,176.567,3,1.0,0.5637,car,2,1.0,0
route_c,CCTV-C01,CCTV-C01.mp4,17794,car,2,5296,5296,176.533,176.533,1,1.0,0.562,car,2,1.0,0
route_c,CCTV-C01,CCTV-C01.mp4,17810,car,2,5299,5299,176.633,176.633,1,1.0,0.4762,car,2,1.0,0
route_c,CCTV-C01,CCTV-C01.mp4,17813,car,2,5299,5311,176.633,177.033,2,1.0,0.5865,car,2,1.0,0
route_c,CCTV-C01,CCTV-C01.mp4,17872,car,2,5313,5420,177.1,180.667,15,1.0,0.664,car,2,1.0,0
route_c,CCTV-C01,CCTV-C01.mp4,17879,car,2,5315,5375,177.167,179.167,8,1.0,0.5045,car,2,1.0,0
route_c,CCTV-C01,CCTV-C01.mp4,17883,car,2,5316,5342,177.2,178.067,4,1.0,0.5643,car,2,1.0,0
route_c,CCTV-C01,CCTV-C01.mp4,17896,car,2,5321,5355,177.367,178.5,5,1.0,0.5077,car,2,1.0,0
route_c,CCTV-C01,CCTV-C01.mp4,17934,car,2,5335,5434,177.833,181.133,8,1.0,0.5365,car,2,1.0,0
route_c,CCTV-C01,CCTV-C01.mp4,17946,car,2,5341,5342,178.033,178.067,2,1.0,0.6464,car,2,1.0,0
route_c,CCTV-C01,CCTV-C01.mp4,17965,car,2,5346,5389,178.2,179.633,10,1.0,0.6683,car,2,1.0,0
route_c,CCTV-C01,CCTV-C01.mp4,18035,car,2,5364,5421,178.8,180.7,15,1.0,0.6541,car,2,1.0,0
route_c,CCTV-C01,CCTV-C01.mp4,18094,car,2,5379,5429,179.3,180.967,6,1.0,0.5875,car,2,1.0,0
route_c,CCTV-C01,CCTV-C01.mp4,18100,car,2,5381,5381,179.367,179.367,1,1.0,0.7672,car,2,1.0,0
route_c,CCTV-C01,CCTV-C01.mp4,18107,car,2,5383,5412,179.433,180.4,2,1.0,0.6811,car,2,1.0,0
route_c,CCTV-C01,CCTV-C01.mp4,18167,car,2,5398,5398,179.933,179.933,1,1.0,0.6868,car,2,1.0,0
route_c,CCTV-C01,CCTV-C01.mp4,18184,car,2,5402,5405,180.067,180.167,3,1.0,0.5333,car,2,1.0,0
route_c,CCTV-C01,CCTV-C01.mp4,18225,car,2,5412,5417,180.4,180.567,4,1.0,0.5798,car,2,1.0,0
route_c,CCTV-C01,CCTV-C01.mp4,18239,car,2,5416,5439,180.533,181.3,4,1.0,0.5514,car,2,1.0,0
route_c,CCTV-C01,CCTV-C01.mp4,18244,car,2,5417,5546,180.567,184.867,10,1.0,0.5174,car,2,1.0,0
route_c,CCTV-C01,CCTV-C01.mp4,18278,car,2,5429,5431,180.967,181.033,2,1.0,0.717,car,2,1.0,0
route_c,CCTV-C01,CCTV-C01.mp4,18283,car,2,5431,5490,181.033,183.0,10,1.0,0.5526,car,2,1.0,0
route_c,CCTV-C01,CCTV-C01.mp4,18286,car,2,5432,5466,181.067,182.2,5,1.0,0.5307,car,2,1.0,0
route_c,CCTV-C01,CCTV-C01.mp4,18289,car,2,5433,5445,181.1,181.5,6,1.0,0.6643,car,2,1.0,0
route_c,CCTV-C01,CCTV-C01.mp4,18291,car,2,5434,5495,181.133,183.167,11,1.0,0.6426,car,2,1.0,0
route_c,CCTV-C01,CCTV-C01.mp4,18292,car,2,5434,5478,181.133,182.6,6,1.0,0.6632,car,2,1.0,0
route_c,CCTV-C01,CCTV-C01.mp4,18296,car,2,5436,5459,181.2,181.967,4,1.0,0.4518,car,2,1.0,0
route_c,CCTV-C01,CCTV-C01.mp4,18325,car,2,5445,5509,181.5,183.633,9,1.0,0.6131,car,2,1.0,0
route_c,CCTV-C01,CCTV-C01.mp4,18452,car,2,5478,5528,182.6,184.267,8,1.0,0.6498,car,2,1.0,0
route_c,CCTV-C01,CCTV-C01.mp4,18473,car,2,5482,5491,182.733,183.033,3,1.0,0.6685,car,2,1.0,0
route_c,CCTV-C01,CCTV-C01.mp4,18476,car,2,5482,5532,182.733,184.4,4,1.0,0.5705,car,2,1.0,0
route_c,CCTV-C01,CCTV-C01.mp4,18567,car,2,5507,5526,183.567,184.2,3,1.0,0.5244,car,2,1.0,0
route_c,CCTV-C01,CCTV-C01.mp4,18576,car,2,5508,5531,183.6,184.367,2,1.0,0.5623,car,2,1.0,0
route_c,CCTV-C01,CCTV-C01.mp4,18632,car,2,5537,5593,184.567,186.433,6,1.0,0.6162,car,2,1.0,0
route_c,CCTV-C01,CCTV-C01.mp4,18634,car,2,5538,5615,184.6,187.167,11,1.0,0.6493,car,2,1.0,0
route_c,CCTV-C01,CCTV-C01.mp4,18731,car,2,5569,5589,185.633,186.3,6,1.0,0.6231,car,2,1.0,0
route_c,CCTV-C01,CCTV-C01.mp4,18735,car,2,5570,5576,185.667,185.867,2,1.0,0.5752,car,2,1.0,0
route_c,CCTV-C01,CCTV-C01.mp4,18748,car,2,5572,5572,185.733,185.733,1,1.0,0.6252,car,2,1.0,0
route_c,CCTV-C01,CCTV-C01.mp4,18758,car,2,5580,5608,186.0,186.933,3,1.0,0.6348,car,2,1.0,0
route_c,CCTV-C01,CCTV-C01.mp4,18792,car,2,5590,5622,186.333,187.4,4,1.0,0.5889,car,2,1.0,0
route_c,CCTV-C01,CCTV-C01.mp4,18805,car,2,5593,5641,186.433,188.033,5,1.0,0.6883,car,2,1.0,0
route_c,CCTV-C01,CCTV-C01.mp4,18807,car,2,5593,5596,186.433,186.533,2,1.0,0.4363,car,2,1.0,0
route_c,CCTV-C01,CCTV-C01.mp4,18926,car,2,5628,5650,187.6,188.333,2,1.0,0.6047,car,2,1.0,0
route_c,CCTV-C01,CCTV-C01.mp4,18969,car,2,5642,5651,188.067,188.367,4,1.0,0.6707,car,2,1.0,0
route_c,CCTV-C01,CCTV-C01.mp4,18986,car,2,5645,5645,188.167,188.167,1,1.0,0.5355,car,2,1.0,0
route_c,CCTV-C01,CCTV-C01.mp4,18997,car,2,5646,5711,188.2,190.367,12,1.0,0.5181,car,2,1.0,0
route_c,CCTV-C01,CCTV-C01.mp4,19040,car,2,5657,5707,188.567,190.233,8,1.0,0.5766,car,2,1.0,0
route_c,CCTV-C01,CCTV-C01.mp4,19045,car,2,5659,5671,188.633,189.033,3,1.0,0.5545,car,2,1.0,0
route_c,CCTV-C01,CCTV-C01.mp4,19051,car,2,5660,5661,188.667,188.7,2,1.0,0.722,car,2,1.0,0
route_c,CCTV-C01,CCTV-C01.mp4,19058,car,2,5661,5673,188.7,189.1,3,1.0,0.4246,car,2,1.0,0
route_c,CCTV-C01,CCTV-C01.mp4,19097,car,2,5675,5710,189.167,190.333,5,1.0,0.6929,car,2,1.0,0
route_c,CCTV-C01,CCTV-C01.mp4,19102,car,2,5677,5685,189.233,189.5,2,1.0,0.4752,car,2,1.0,0
route_c,CCTV-C01,CCTV-C01.mp4,19107,car,2,5679,5710,189.3,190.333,3,1.0,0.571,car,2,1.0,0
route_c,CCTV-C01,CCTV-C01.mp4,19111,car,2,5681,5684,189.367,189.467,2,1.0,0.6273,car,2,1.0,0
route_c,CCTV-C01,CCTV-C01.mp4,19138,car,2,5691,5719,189.7,190.633,5,1.0,0.638,car,2,1.0,0
route_c,CCTV-C01,CCTV-C01.mp4,19161,car,2,5704,5708,190.133,190.267,2,1.0,0.464,car,2,1.0,0
route_c,CCTV-C02,CCTV-C02.mp4,19214,truck,7,1,653,0.017,10.883,651,1.0,0.8704,truck,7,1.0,0
route_c,CCTV-C03,CCTV-C03.mp4,19215,car,2,1,240,0.033,8.008,220,0.9727,0.812,car,2,1.0,0
route_c,CCTV-C03,CCTV-C03.mp4,19216,car,2,1,79,0.033,2.636,79,1.0,0.7524,car,2,1.0,0
route_c,CCTV-C03,CCTV-C03.mp4,19217,car,2,1,57,0.033,1.902,57,1.0,0.7096,car,2,1.0,0
route_c,CCTV-C03,CCTV-C03.mp4,19218,car,2,1,82,0.033,2.736,69,1.0,0.6961,car,2,1.0,0
route_c,CCTV-C03,CCTV-C03.mp4,19219,car,2,7,64,0.234,2.135,58,1.0,0.4701,car,2,1.0,0
route_c,CCTV-C03,CCTV-C03.mp4,19222,car,2,106,118,3.537,3.937,13,1.0,0.7446,car,2,1.0,0
route_c,CCTV-C03,CCTV-C03.mp4,19226,car,2,109,116,3.637,3.871,8,1.0,0.8109,car,2,1.0,0
route_c,CCTV-C03,CCTV-C03.mp4,19232,car,2,113,113,3.77,3.77,1,1.0,0.7675,car,2,1.0,0
route_c,CCTV-C03,CCTV-C03.mp4,19243,car,2,145,145,4.838,4.838,1,1.0,0.7529,car,2,1.0,0
route_c,CCTV-C03,CCTV-C03.mp4,19255,car,2,153,156,5.105,5.205,4,1.0,0.6913,car,2,1.0,0
route_c,CCTV-C03,CCTV-C03.mp4,19261,car,2,158,219,5.272,7.307,62,1.0,0.7503,car,2,1.0,0
route_c,CCTV-C03,CCTV-C03.mp4,19263,car,2,159,160,5.305,5.339,2,1.0,0.5781,car,2,1.0,0
route_c,CCTV-C03,CCTV-C03.mp4,19267,car,2,164,219,5.472,7.307,56,1.0,0.4411,car,2,1.0,0
route_c,CCTV-C03,CCTV-C03.mp4,19271,car,2,171,240,5.706,8.008,70,1.0,0.6731,car,2,1.0,0
route_c,CCTV-C03,CCTV-C03.mp4,19277,car,2,200,220,6.673,7.341,21,1.0,0.6055,car,2,1.0,0
route_c,CCTV-C03,CCTV-C03.mp4,19284,car,2,224,240,7.474,8.008,17,1.0,0.6751,car,2,1.0,0
route_c,CCTV-C03,CCTV-C03.mp4,19286,car,2,225,240,7.508,8.008,16,1.0,0.7172,car,2,1.0,0
route_c,CCTV-C03,CCTV-C03.mp4,19288,car,2,226,237,7.541,7.908,11,1.0,0.4619,car,2,1.0,0
route_c,CCTV-C03,CCTV-C03.mp4,19293,car,2,240,240,8.008,8.008,1,1.0,0.5185,car,2,1.0,0
