video,track_id_a,track_id_b,class,overlap_frames,min_centroid_distance_px,mean_centroid_distance_px,max_iou,mean_iou,temporal_type,reason,severity_tier
low traffic.mp4,66,76,car,28,0.08,1.35,0.9945,0.9705,concurrent_overlap,Two car tracks share 28 frames with mean centroid distance 1.4px / max IoU 0.99. Possible duplicated identity - candidate only.,Tier1
low traffic.mp4,66,85,car,25,2.4,171.29,0.9181,0.4749,concurrent_overlap,Two car tracks share 25 frames with mean centroid distance 171.3px / max IoU 0.92. Possible duplicated identity - candidate only.,Tier1
low traffic.mp4,90,103,truck,4,3.74,6.24,0.9669,0.966,concurrent_overlap,Two truck tracks share 4 frames with mean centroid distance 6.2px / max IoU 0.97. Possible duplicated identity - candidate only.,Tier1
low traffic.mp4,15,18,car,5,146.15,167.37,0.4676,0.4032,concurrent_overlap,Two car tracks share 5 frames with mean centroid distance 167.4px / max IoU 0.47. Possible duplicated identity - candidate only.,Tier2
low traffic.mp4,45,46,car,0,34.24,34.24,0.0,0.0,adjacent_gap,Track 45 ends at frame 348; track 46 starts at frame 351 (gap 3) with boundary centroids 34.2px apart. Possible re-issue after occlusion - candidate only.,Tier2
low traffic.mp4,47,49,car,0,12.77,12.77,0.0,0.0,adjacent_gap,Track 47 ends at frame 369; track 49 starts at frame 383 (gap 14) with boundary centroids 12.8px apart. Possible re-issue after occlusion - candidate only.,Tier2
low traffic.mp4,65,79,car,7,52.17,131.22,0.5455,0.3089,concurrent_overlap,Two car tracks share 7 frames with mean centroid distance 131.2px / max IoU 0.55. Possible duplicated identity - candidate only.,Tier2
traffic.mp4,138,206,bus,3,0.5,0.6,0.9795,0.9726,concurrent_overlap,Two bus tracks share 3 frames with mean centroid distance 0.6px / max IoU 0.98. Possible duplicated identity - candidate only.,Tier1
traffic.mp4,131,176,car,0,15.01,15.01,0.0,0.0,adjacent_gap,Track 131 ends at frame 222; track 176 starts at frame 239 (gap 17) with boundary centroids 15.0px apart. Possible re-issue after occlusion - candidate only.,Tier2
traffic.mp4,146,153,motorcycle,0,6.41,6.41,0.0,0.0,adjacent_gap,Track 146 ends at frame 48; track 153 starts at frame 52 (gap 4) with boundary centroids 6.4px apart. Possible re-issue after occlusion - candidate only.,Tier2
traffic.mp4,150,163,car,0,16.79,16.79,0.0,0.0,adjacent_gap,Track 150 ends at frame 108; track 163 starts at frame 120 (gap 12) with boundary centroids 16.8px apart. Possible re-issue after occlusion - candidate only.,Tier2
traffic.mp4,154,157,motorcycle,0,25.05,25.05,0.0,0.0,adjacent_gap,Track 154 ends at frame 71; track 157 starts at frame 85 (gap 14) with boundary centroids 25.0px apart. Possible re-issue after occlusion - candidate only.,Tier2
traffic.mp4,199,201,motorcycle,3,42.69,43.67,0.2686,0.2502,concurrent_overlap,Two motorcycle tracks share 3 frames with mean centroid distance 43.7px / max IoU 0.27. Possible duplicated identity - candidate only.,Tier2
traffic.mp4,208,212,car,6,44.25,44.84,0.1935,0.1884,concurrent_overlap,Two car tracks share 6 frames with mean centroid distance 44.8px / max IoU 0.19. Possible duplicated identity - candidate only.,Tier2
traffic.mp4,224,228,truck,0,4.27,4.27,0.0,0.0,adjacent_gap,Track 224 ends at frame 566; track 228 starts at frame 575 (gap 9) with boundary centroids 4.3px apart. Possible re-issue after occlusion - candidate only.,Tier2
traffic.mp4,224,229,truck,0,5.35,5.35,0.0,0.0,adjacent_gap,Track 224 ends at frame 566; track 229 starts at frame 579 (gap 13) with boundary centroids 5.4px apart. Possible re-issue after occlusion - candidate only.,Tier2
traffic.mp4,228,229,truck,0,1.11,1.11,0.0,0.0,adjacent_gap,Track 228 ends at frame 575; track 229 starts at frame 579 (gap 4) with boundary centroids 1.1px apart. Possible re-issue after occlusion - candidate only.,Tier2
traffic.mp4,228,234,truck,0,3.61,3.61,0.0,0.0,adjacent_gap,Track 228 ends at frame 575; track 234 starts at frame 590 (gap 15) with boundary centroids 3.6px apart. Possible re-issue after occlusion - candidate only.,Tier2
traffic.mp4,229,234,truck,0,1.6,1.6,0.0,0.0,adjacent_gap,Track 229 ends at frame 580; track 234 starts at frame 590 (gap 10) with boundary centroids 1.6px apart. Possible re-issue after occlusion - candidate only.,Tier2
traffic.mp4,229,236,truck,0,3.16,3.16,0.0,0.0,adjacent_gap,Track 229 ends at frame 580; track 236 starts at frame 599 (gap 19) with boundary centroids 3.2px apart. Possible re-issue after occlusion - candidate only.,Tier2
traffic.mp4,234,236,truck,0,1.57,1.57,0.0,0.0,adjacent_gap,Track 234 ends at frame 596; track 236 starts at frame 599 (gap 3) with boundary centroids 1.6px apart. Possible re-issue after occlusion - candidate only.,Tier2
