video,track_id,vehicle_class,vehicle_class_stable,first_frame,last_frame,duration_frames,frames_tracked,net_displacement_px,path_length_px,max_jump_px,mean_jump_px,median_jump_px,class_agreement,class_agreement_stable,hysteresis_switches,short_flag,short_tier,little_movement_flag,large_jump_flag,large_jump_tier,erratic_flag,class_inconsistent_flag,class_inconsistent_tier
low traffic.mp4,1,car,car,0,22,23,23,553.17,557.25,50.36,25.33,27.18,1.0,1.0,0,False,0,False,False,0,False,False,0
low traffic.mp4,2,car,car,0,29,30,30,446.18,468.16,21.95,16.14,18.0,1.0,1.0,0,False,0,False,False,0,False,False,0
low traffic.mp4,3,car,car,0,70,71,71,1349.06,1364.2,91.82,19.49,14.76,1.0,1.0,0,False,0,False,False,0,False,False,0
low traffic.mp4,4,car,car,0,51,52,49,51.5,362.57,28.53,7.55,6.55,1.0,1.0,0,False,0,False,False,0,True,False,0
low traffic.mp4,5,car,car,2,40,39,21,436.55,845.5,551.47,42.27,13.95,1.0,1.0,0,False,0,False,True,1,False,False,0
low traffic.mp4,11,car,car,32,36,5,5,53.89,54.47,14.24,13.62,13.49,1.0,1.0,0,False,0,False,False,0,False,False,0
low traffic.mp4,13,car,car,36,68,33,33,439.09,443.56,75.92,13.86,9.8,1.0,1.0,0,False,0,False,False,0,False,False,0
low traffic.mp4,15,car,car,37,69,33,33,382.04,382.52,23.19,11.95,10.71,1.0,1.0,0,False,0,False,False,0,False,False,0
low traffic.mp4,18,car,car,65,98,34,34,455.9,458.96,76.05,13.91,8.54,1.0,1.0,0,False,0,False,False,0,False,False,0
low traffic.mp4,19,car,car,65,101,37,8,284.69,288.23,219.33,41.18,11.29,1.0,1.0,0,False,0,False,True,2,False,False,0
low traffic.mp4,25,car,car,95,175,81,81,1077.28,1085.0,21.27,13.56,15.21,1.0,1.0,0,False,0,False,False,0,False,False,0
low traffic.mp4,27,car,car,138,168,31,31,193.24,216.34,16.36,7.21,7.54,1.0,1.0,0,False,0,False,False,0,False,False,0
low traffic.mp4,28,car,car,168,296,129,129,359.52,2372.06,105.58,18.53,17.5,1.0,1.0,0,False,0,False,False,0,True,False,0
low traffic.mp4,31,car,car,185,193,9,9,97.91,100.15,16.31,12.52,12.28,1.0,1.0,0,False,0,False,False,0,False,False,0
low traffic.mp4,32,car,car,184,216,33,28,250.66,258.94,53.05,9.59,8.23,1.0,1.0,0,False,0,False,False,0,False,False,0
low traffic.mp4,34,car,car,237,242,6,6,39.49,39.92,10.52,7.98,8.03,1.0,1.0,0,False,0,False,False,0,False,False,0
low traffic.mp4,35,car,car,266,366,101,101,1782.68,2112.39,134.13,21.12,15.49,1.0,1.0,0,False,0,False,False,0,False,False,0
low traffic.mp4,36,car,car,292,292,1,1,0.0,0.0,0.0,0.0,0.0,1.0,1.0,0,True,1,False,False,0,False,False,0
low traffic.mp4,41,car,car,308,340,33,33,99.67,205.93,12.55,6.44,6.44,1.0,1.0,0,False,0,False,False,0,False,False,0
low traffic.mp4,42,car,car,309,334,26,26,184.69,292.51,52.69,11.7,9.01,1.0,1.0,0,False,0,False,False,0,False,False,0
low traffic.mp4,43,car,car,327,327,1,1,0.0,0.0,0.0,0.0,0.0,1.0,1.0,0,True,1,False,False,0,False,False,0
low traffic.mp4,44,car,car,336,336,1,1,0.0,0.0,0.0,0.0,0.0,1.0,1.0,0,True,1,False,False,0,False,False,0
low traffic.mp4,45,car,car,348,348,1,1,0.0,0.0,0.0,0.0,0.0,1.0,1.0,0,True,1,False,False,0,False,False,0
low traffic.mp4,46,car,car,351,501,151,144,434.41,2655.73,119.1,18.57,15.1,1.0,1.0,0,False,0,False,False,0,True,False,0
low traffic.mp4,47,car,car,368,369,2,2,11.44,11.44,11.44,11.44,11.44,1.0,1.0,0,True,1,False,False,0,False,False,0
low traffic.mp4,49,car,car,383,452,70,70,712.33,769.93,21.89,11.16,9.58,1.0,1.0,0,False,0,False,False,0,False,False,0
low traffic.mp4,51,car,car,406,430,25,24,150.29,178.25,17.17,7.75,3.45,1.0,1.0,0,False,0,False,False,0,False,False,0
low traffic.mp4,54,car,car,412,414,3,3,10.78,10.97,9.53,5.48,5.48,1.0,1.0,0,True,2,False,False,0,False,False,0
low traffic.mp4,55,car,car,415,462,48,48,394.99,411.11,14.44,8.75,7.93,1.0,1.0,0,False,0,False,False,0,False,False,0
low traffic.mp4,56,car,car,434,451,18,18,4.18,139.58,13.84,8.21,8.19,1.0,1.0,0,False,0,False,False,0,True,False,0
low traffic.mp4,59,car,car,460,512,53,53,728.39,844.99,68.44,16.25,13.27,1.0,1.0,0,False,0,False,False,0,False,False,0
low traffic.mp4,60,car,car,475,522,48,48,496.97,533.4,62.14,11.35,9.31,1.0,1.0,0,False,0,False,False,0,False,False,0
low traffic.mp4,63,car,car,479,479,1,1,0.0,0.0,0.0,0.0,0.0,1.0,1.0,0,True,1,False,False,0,False,False,0
low traffic.mp4,65,car,car,501,599,99,99,1795.01,1919.38,98.76,19.59,15.1,1.0,1.0,0,False,0,False,False,0,False,False,0
low traffic.mp4,66,car,car,503,657,155,124,1479.85,1928.28,95.28,15.68,11.85,0.6797,0.6406,0,False,0,False,False,0,False,True,1
low traffic.mp4,70,car,car,530,531,2,2,14.21,14.21,14.21,14.21,14.21,1.0,1.0,0,True,1,False,False,0,False,False,0
low traffic.mp4,72,car,car,536,572,37,37,175.68,179.96,9.38,5.0,5.3,1.0,1.0,0,False,0,False,False,0,False,False,0
low traffic.mp4,76,car,car,568,606,39,28,599.69,600.67,208.43,22.25,15.29,0.75,0.7857,1,False,0,False,True,2,False,True,1
low traffic.mp4,79,car,car,592,660,69,56,1317.96,1375.4,291.05,25.01,20.01,1.0,1.0,0,False,0,False,True,2,False,False,0
low traffic.mp4,81,car,car,601,601,1,1,0.0,0.0,0.0,0.0,0.0,1.0,1.0,0,True,1,False,False,0,False,False,0
low traffic.mp4,85,car,car,623,657,35,32,488.82,695.38,153.61,22.43,12.55,0.7812,0.6562,1,False,0,False,True,2,False,True,1
low traffic.mp4,86,car,car,629,631,3,3,16.13,16.14,9.05,8.07,8.07,1.0,1.0,0,True,2,False,False,0,False,False,0
low traffic.mp4,89,car,car,646,706,61,61,404.3,425.63,14.98,7.09,6.36,1.0,1.0,0,False,0,False,False,0,False,False,0
low traffic.mp4,90,truck,truck,652,740,89,83,1586.07,1651.11,84.17,20.14,19.14,0.6867,0.6747,3,False,0,False,False,0,False,True,1
low traffic.mp4,91,car,car,655,660,6,3,36.93,40.23,35.03,20.11,20.11,1.0,1.0,0,True,2,False,False,0,False,False,0
low traffic.mp4,98,car,car,689,690,2,2,22.05,22.05,22.05,22.05,22.05,1.0,1.0,0,True,1,False,False,0,False,False,0
low traffic.mp4,101,truck,truck,700,700,1,1,0.0,0.0,0.0,0.0,0.0,1.0,1.0,0,True,1,False,False,0,False,False,0
low traffic.mp4,102,car,car,704,704,1,1,0.0,0.0,0.0,0.0,0.0,1.0,1.0,0,True,1,False,False,0,False,False,0
low traffic.mp4,103,truck,truck,715,718,4,4,76.5,76.51,30.48,25.5,25.45,1.0,1.0,0,True,2,False,False,0,False,False,0
low traffic.mp4,107,car,car,725,740,16,16,36.52,125.92,12.88,8.39,8.99,1.0,1.0,0,False,0,False,False,0,True,False,0
no traffic video.mp4,111,bus,bus,1,980,980,932,826.05,3257.77,59.38,3.5,1.23,1.0,1.0,0,False,0,False,False,0,True,False,0
no traffic video.mp4,114,bicycle,bicycle,416,658,243,219,107.32,836.34,54.89,3.84,2.92,0.8493,0.8676,0,False,0,False,False,0,True,True,2
no traffic video.mp4,117,car,car,603,637,35,25,144.51,163.86,24.14,6.83,5.57,1.0,1.0,0,False,0,False,False,0,False,False,0
no traffic video.mp4,118,bicycle,bicycle,609,609,1,1,0.0,0.0,0.0,0.0,0.0,1.0,1.0,0,True,1,False,False,0,False,False,0
no traffic video.mp4,119,car,car,619,629,11,8,103.7,105.83,66.54,15.12,5.3,0.625,1.0,0,False,0,False,False,0,False,True,1
no traffic video.mp4,121,car,car,934,1179,246,245,34.3,73.67,22.88,0.3,0.08,1.0,1.0,0,False,0,False,False,0,False,False,0
traffic.mp4,123,car,car,1,540,540,514,99.89,213.98,2.57,0.42,0.34,1.0,1.0,0,False,0,False,False,0,False,False,0
traffic.mp4,124,car,car,1,599,599,599,536.76,608.99,3.07,1.02,0.98,1.0,1.0,0,False,0,False,False,0,False,False,0
traffic.mp4,125,car,car,1,599,599,599,184.24,387.58,7.16,0.65,0.5,1.0,1.0,0,False,0,False,False,0,False,False,0
traffic.mp4,126,car,car,1,303,303,296,369.03,501.91,18.67,1.7,1.43,1.0,1.0,0,False,0,False,False,0,False,False,0
traffic.mp4,127,car,car,1,329,329,324,304.06,354.76,5.29,1.1,1.0,1.0,1.0,0,False,0,False,False,0,False,False,0
traffic.mp4,128,car,car,1,525,525,525,516.28,676.0,5.18,1.29,1.14,1.0,1.0,0,False,0,False,False,0,False,False,0
traffic.mp4,129,car,car,1,450,450,445,430.7,742.06,37.39,1.67,1.05,1.0,1.0,0,False,0,False,False,0,False,False,0
traffic.mp4,130,car,car,1,599,599,596,288.54,660.14,11.23,1.11,0.77,1.0,1.0,0,False,0,False,False,0,False,False,0
traffic.mp4,131,car,car,1,222,222,221,214.88,554.24,18.93,2.52,1.61,0.9955,1.0,0,False,0,False,False,0,False,False,0
traffic.mp4,132,car,car,1,51,51,50,14.88,26.23,1.4,0.54,0.46,1.0,1.0,0,False,0,True,False,0,False,False,0
traffic.mp4,133,car,car,1,29,29,27,28.26,30.78,3.1,1.18,1.16,1.0,1.0,0,False,0,False,False,0,False,False,0
traffic.mp4,134,car,car,1,599,599,593,122.81,457.6,6.16,0.77,0.52,1.0,1.0,0,False,0,False,False,0,True,False,0
traffic.mp4,135,car,car,1,599,599,599,410.85,918.78,13.65,1.54,1.14,1.0,1.0,0,False,0,False,False,0,False,False,0
traffic.mp4,136,car,car,1,599,599,599,289.6,469.3,2.96,0.78,0.68,1.0,1.0,0,False,0,False,False,0,False,False,0
traffic.mp4,137,car,car,1,565,565,565,451.99,745.43,10.72,1.32,1.14,1.0,1.0,0,False,0,False,False,0,False,False,0
traffic.mp4,138,bus,bus,1,599,599,564,137.63,395.09,11.18,0.7,0.55,0.6545,0.6771,0,False,0,False,False,0,False,True,1
traffic.mp4,139,car,car,1,16,16,10,11.55,11.82,4.38,1.31,0.96,1.0,1.0,0,False,0,True,False,0,False,False,0
traffic.mp4,140,car,car,1,47,47,47,29.35,82.97,9.2,1.8,1.41,1.0,1.0,0,False,0,False,False,0,False,False,0
traffic.mp4,141,car,car,1,20,20,16,20.52,23.24,5.19,1.55,1.17,1.0,1.0,0,False,0,False,False,0,False,False,0
traffic.mp4,142,car,car,1,599,599,594,424.25,727.44,12.17,1.23,0.91,1.0,1.0,0,False,0,False,False,0,False,False,0
traffic.mp4,143,bus,bus,1,599,599,599,45.62,317.86,15.66,0.53,0.36,1.0,1.0,0,False,0,False,False,0,True,False,0
traffic.mp4,144,motorcycle,motorcycle,2,81,80,51,136.76,162.03,18.19,3.24,1.91,1.0,1.0,0,False,0,False,False,0,False,False,0
traffic.mp4,145,car,car,5,599,595,531,120.8,684.41,22.61,1.29,0.67,0.8983,0.9379,4,False,0,False,False,0,True,True,2
traffic.mp4,146,motorcycle,motorcycle,11,48,38,7,49.36,50.9,38.81,8.48,2.09,1.0,1.0,0,False,0,False,False,0,False,False,0
traffic.mp4,147,motorcycle,motorcycle,13,15,3,3,4.27,4.49,2.96,2.24,2.24,1.0,1.0,0,True,2,False,False,0,False,False,0
traffic.mp4,148,motorcycle,motorcycle,15,204,190,145,114.24,346.95,22.45,2.41,1.3,1.0,1.0,0,False,0,False,False,0,True,False,0
traffic.mp4,149,motorcycle,motorcycle,28,97,70,57,86.59,106.22,8.21,1.9,1.53,1.0,1.0,0,False,0,False,False,0,False,False,0
traffic.mp4,150,car,car,35,108,74,71,37.74,76.69,5.53,1.1,0.88,1.0,1.0,0,False,0,False,False,0,False,False,0
traffic.mp4,151,motorcycle,motorcycle,47,105,59,34,29.29,59.38,4.14,1.8,1.6,1.0,1.0,0,False,0,False,False,0,False,False,0
traffic.mp4,153,motorcycle,motorcycle,52,55,4,4,9.95,13.41,9.37,4.47,2.32,1.0,1.0,0,True,2,True,False,0,False,False,0
traffic.mp4,154,motorcycle,motorcycle,53,71,19,18,42.18,83.59,21.63,4.92,2.7,1.0,1.0,0,False,0,False,False,0,False,False,0
traffic.mp4,156,motorcycle,motorcycle,80,93,14,5,4.2,6.26,2.59,1.56,1.64,1.0,1.0,0,False,0,True,False,0,False,False,0
traffic.mp4,157,motorcycle,motorcycle,85,92,8,7,12.4,13.62,4.32,2.27,2.0,1.0,1.0,0,False,0,True,False,0,False,False,0
traffic.mp4,158,motorcycle,motorcycle,86,169,84,68,263.26,302.34,21.63,4.51,3.77,1.0,1.0,0,False,0,False,False,0,False,False,0
traffic.mp4,159,motorcycle,motorcycle,91,146,56,33,179.88,208.13,47.6,6.5,3.71,1.0,1.0,0,False,0,False,False,0,False,False,0
traffic.mp4,160,car,truck,93,94,2,2,1.29,1.29,1.29,1.29,1.29,0.5,1.0,0,True,1,False,False,0,False,True,1
traffic.mp4,162,motorcycle,motorcycle,118,274,157,138,247.73,276.12,21.6,2.02,1.67,1.0,1.0,0,False,0,False,False,0,False,False,0
traffic.mp4,163,car,car,120,599,480,461,193.81,510.32,7.39,1.11,0.78,1.0,1.0,0,False,0,False,False,0,False,False,0
traffic.mp4,164,truck,truck,134,193,60,34,3.24,29.63,2.0,0.9,0.79,1.0,1.0,0,False,0,True,False,0,False,False,0
traffic.mp4,165,motorcycle,motorcycle,158,208,51,45,79.78,96.64,7.23,2.2,1.95,1.0,1.0,0,False,0,False,False,0,False,False,0
traffic.mp4,167,truck,truck,174,174,1,1,0.0,0.0,0.0,0.0,0.0,1.0,1.0,0,True,1,False,False,0,False,False,0
traffic.mp4,168,car,car,180,599,420,413,217.86,558.66,13.78,1.36,0.83,1.0,1.0,0,False,0,False,False,0,False,False,0
traffic.mp4,169,motorcycle,motorcycle,184,238,55,55,118.33,131.23,6.38,2.43,2.37,1.0,1.0,0,False,0,False,False,0,False,False,0
traffic.mp4,171,motorcycle,motorcycle,203,341,139,131,281.94,364.85,10.24,2.81,2.49,1.0,1.0,0,False,0,False,False,0,False,False,0
traffic.mp4,173,motorcycle,motorcycle,220,241,22,19,19.61,20.36,1.83,1.13,1.16,1.0,1.0,0,False,0,True,False,0,False,False,0
traffic.mp4,174,motorcycle,motorcycle,227,229,3,3,1.93,2.21,1.4,1.11,1.11,1.0,1.0,0,True,2,False,False,0,False,False,0
traffic.mp4,176,car,car,239,274,36,13,19.11,33.19,5.86,2.77,2.78,0.8462,1.0,0,False,0,True,False,0,False,True,2
traffic.mp4,177,motorcycle,motorcycle,243,424,182,165,256.03,288.52,13.27,1.76,1.49,1.0,1.0,0,False,0,False,False,0,False,False,0
traffic.mp4,178,car,car,271,286,16,16,29.28,38.93,4.85,2.6,2.54,1.0,1.0,0,False,0,False,False,0,False,False,0
traffic.mp4,179,motorcycle,motorcycle,273,317,45,24,31.85,45.95,8.09,2.0,1.38,1.0,1.0,0,False,0,False,False,0,False,False,0
traffic.mp4,180,motorcycle,motorcycle,307,313,7,7,14.33,20.04,12.82,3.34,1.06,1.0,1.0,0,False,0,True,False,0,False,False,0
traffic.mp4,181,motorcycle,motorcycle,315,354,40,20,33.89,42.26,14.57,2.22,0.83,1.0,1.0,0,False,0,False,False,0,False,False,0
traffic.mp4,182,car,car,315,599,285,281,64.6,176.67,4.18,0.63,0.51,1.0,1.0,0,False,0,False,False,0,False,False,0
traffic.mp4,184,motorcycle,motorcycle,322,366,45,34,43.87,117.42,25.49,3.56,2.08,1.0,1.0,0,False,0,False,False,0,False,False,0
traffic.mp4,186,truck,truck,339,346,8,8,5.3,7.12,1.46,1.02,1.14,0.625,1.0,0,False,0,True,False,0,False,True,1
traffic.mp4,189,motorcycle,motorcycle,351,545,195,170,282.48,607.72,19.37,3.6,2.69,1.0,1.0,0,False,0,False,False,0,False,False,0
traffic.mp4,192,car,car,395,454,60,26,23.64,39.04,12.37,1.56,0.78,1.0,1.0,0,False,0,False,False,0,False,False,0
traffic.mp4,196,motorcycle,motorcycle,413,426,14,14,11.76,15.62,2.36,1.2,1.18,1.0,1.0,0,False,0,True,False,0,False,False,0
traffic.mp4,197,motorcycle,motorcycle,413,599,187,165,228.07,276.42,11.46,1.69,1.41,1.0,1.0,0,False,0,False,False,0,False,False,0
traffic.mp4,198,bus,bus,420,470,51,22,8.54,13.75,4.11,0.65,0.34,1.0,1.0,0,False,0,True,False,0,False,False,0
traffic.mp4,199,motorcycle,motorcycle,425,455,31,11,18.21,67.22,19.89,6.72,6.74,1.0,1.0,0,False,0,False,False,0,False,False,0
traffic.mp4,200,car,car,443,599,157,157,33.63,62.01,2.03,0.4,0.32,1.0,1.0,0,False,0,False,False,0,False,False,0
traffic.mp4,201,motorcycle,motorcycle,448,463,16,10,12.48,15.62,4.36,1.74,1.34,1.0,1.0,0,False,0,True,False,0,False,False,0
traffic.mp4,203,truck,truck,451,599,149,80,1.32,81.49,3.6,1.03,0.73,1.0,1.0,0,False,0,False,False,0,True,False,0
traffic.mp4,204,car,car,454,515,62,41,20.04,79.08,22.19,1.98,1.03,1.0,1.0,0,False,0,False,False,0,False,False,0
traffic.mp4,206,bus,bus,459,461,3,3,1.12,1.13,0.59,0.56,0.56,1.0,1.0,0,True,2,False,False,0,False,False,0
traffic.mp4,207,motorcycle,motorcycle,472,498,27,20,31.38,35.32,9.45,1.86,1.27,1.0,1.0,0,False,0,False,False,0,False,False,0
traffic.mp4,208,car,car,476,507,32,32,11.22,29.89,2.32,0.96,0.74,1.0,1.0,0,False,0,True,False,0,False,False,0
traffic.mp4,210,motorcycle,motorcycle,484,485,2,2,0.4,0.4,0.4,0.4,0.4,1.0,1.0,0,True,1,False,False,0,False,False,0
traffic.mp4,212,car,car,502,528,27,21,6.85,13.21,2.07,0.66,0.44,1.0,1.0,0,False,0,True,False,0,False,False,0
traffic.mp4,215,car,car,515,599,85,39,36.09,79.78,24.19,2.1,0.73,1.0,1.0,0,False,0,False,False,0,False,False,0
traffic.mp4,217,motorcycle,motorcycle,531,584,54,45,81.48,174.52,15.06,3.97,3.24,1.0,1.0,0,False,0,False,False,0,False,False,0
traffic.mp4,218,car,car,537,599,63,48,5.88,15.87,1.69,0.34,0.22,1.0,1.0,0,False,0,True,False,0,False,False,0
traffic.mp4,221,motorcycle,motorcycle,546,559,14,14,1.86,7.8,1.52,0.6,0.44,1.0,1.0,0,False,0,True,False,0,False,False,0
traffic.mp4,223,motorcycle,motorcycle,550,599,50,45,66.36,101.62,8.18,2.31,2.04,1.0,1.0,0,False,0,False,False,0,False,False,0
traffic.mp4,224,bus,truck,556,566,11,11,4.28,10.02,2.59,1.0,0.81,0.6364,0.5455,1,False,0,True,False,0,False,True,1
traffic.mp4,227,motorcycle,motorcycle,569,599,31,21,29.38,34.05,6.1,1.7,1.41,1.0,1.0,0,False,0,False,False,0,False,False,0
traffic.mp4,228,truck,truck,575,575,1,1,0.0,0.0,0.0,0.0,0.0,1.0,1.0,0,True,1,False,False,0,False,False,0
traffic.mp4,229,truck,truck,579,580,2,2,1.68,1.68,1.68,1.68,1.68,1.0,1.0,0,True,1,False,False,0,False,False,0
traffic.mp4,232,motorcycle,motorcycle,587,599,13,13,9.22,11.77,1.61,0.98,0.9,1.0,1.0,0,False,0,True,False,0,False,False,0
traffic.mp4,233,motorcycle,motorcycle,589,599,11,11,9.08,10.36,2.07,1.04,0.93,1.0,1.0,0,False,0,True,False,0,False,False,0
traffic.mp4,234,truck,truck,590,596,7,7,2.92,4.95,1.24,0.83,0.75,1.0,1.0,0,False,0,True,False,0,False,False,0
traffic.mp4,235,bus,bus,593,599,7,7,2.62,4.17,1.38,0.69,0.61,1.0,1.0,0,False,0,True,False,0,False,False,0
traffic.mp4,236,truck,truck,599,599,1,1,0.0,0.0,0.0,0.0,0.0,1.0,1.0,0,True,1,False,False,0,False,False,0
traffic.mp4,237,car,car,599,599,1,1,0.0,0.0,0.0,0.0,0.0,1.0,1.0,0,True,1,False,False,0,False,False,0
