video,track_id,class,class_stable,first_frame,last_frame,frames_tracked,duration_frames,net_displacement_px,reason,severity_tier
low traffic.mp4,36,car,car,292,292,1,1,0.0,Very short track: 1 trajectory rows / 1 frames duration (<= 4). Candidate only - may be a legitimate brief detection.,Tier1
low traffic.mp4,43,car,car,327,327,1,1,0.0,Very short track: 1 trajectory rows / 1 frames duration (<= 4). Candidate only - may be a legitimate brief detection.,Tier1
low traffic.mp4,44,car,car,336,336,1,1,0.0,Very short track: 1 trajectory rows / 1 frames duration (<= 4). Candidate only - may be a legitimate brief detection.,Tier1
low traffic.mp4,45,car,car,348,348,1,1,0.0,Very short track: 1 trajectory rows / 1 frames duration (<= 4). Candidate only - may be a legitimate brief detection.,Tier1
low traffic.mp4,63,car,car,479,479,1,1,0.0,Very short track: 1 trajectory rows / 1 frames duration (<= 4). Candidate only - may be a legitimate brief detection.,Tier1
low traffic.mp4,81,car,car,601,601,1,1,0.0,Very short track: 1 trajectory rows / 1 frames duration (<= 4). Candidate only - may be a legitimate brief detection.,Tier1
low traffic.mp4,101,truck,truck,700,700,1,1,0.0,Very short track: 1 trajectory rows / 1 frames duration (<= 4). Candidate only - may be a legitimate brief detection.,Tier1
low traffic.mp4,102,car,car,704,704,1,1,0.0,Very short track: 1 trajectory rows / 1 frames duration (<= 4). Candidate only - may be a legitimate brief detection.,Tier1
low traffic.mp4,47,car,car,368,369,2,2,11.44,Very short track: 2 trajectory rows / 2 frames duration (<= 4). Candidate only - may be a legitimate brief detection.,Tier1
low traffic.mp4,70,car,car,530,531,2,2,14.21,Very short track: 2 trajectory rows / 2 frames duration (<= 4). Candidate only - may be a legitimate brief detection.,Tier1
low traffic.mp4,98,car,car,689,690,2,2,22.05,Very short track: 2 trajectory rows / 2 frames duration (<= 4). Candidate only - may be a legitimate brief detection.,Tier1
low traffic.mp4,54,car,car,412,414,3,3,10.78,Very short track: 3 trajectory rows / 3 frames duration (<= 4). Candidate only - may be a legitimate brief detection.,Tier2
low traffic.mp4,86,car,car,629,631,3,3,16.13,Very short track: 3 trajectory rows / 3 frames duration (<= 4). Candidate only - may be a legitimate brief detection.,Tier2
low traffic.mp4,91,car,car,655,660,3,6,36.93,Very short track: 3 trajectory rows / 6 frames duration (<= 4). Candidate only - may be a legitimate brief detection.,Tier2
low traffic.mp4,103,truck,truck,715,718,4,4,76.5,Very short track: 4 trajectory rows / 4 frames duration (<= 4). Candidate only - may be a legitimate brief detection.,Tier2
no traffic video.mp4,118,bicycle,bicycle,609,609,1,1,0.0,Very short track: 1 trajectory rows / 1 frames duration (<= 4). Candidate only - may be a legitimate brief detection.,Tier1
traffic.mp4,167,truck,truck,174,174,1,1,0.0,Very short track: 1 trajectory rows / 1 frames duration (<= 4). Candidate only - may be a legitimate brief detection.,Tier1
traffic.mp4,228,truck,truck,575,575,1,1,0.0,Very short track: 1 trajectory rows / 1 frames duration (<= 4). Candidate only - may be a legitimate brief detection.,Tier1
traffic.mp4,236,truck,truck,599,599,1,1,0.0,Very short track: 1 trajectory rows / 1 frames duration (<= 4). Candidate only - may be a legitimate brief detection.,Tier1
traffic.mp4,237,car,car,599,599,1,1,0.0,Very short track: 1 trajectory rows / 1 frames duration (<= 4). Candidate only - may be a legitimate brief detection.,Tier1
traffic.mp4,160,car,truck,93,94,2,2,1.29,Very short track: 2 trajectory rows / 2 frames duration (<= 4). Candidate only - may be a legitimate brief detection.,Tier1
traffic.mp4,210,motorcycle,motorcycle,484,485,2,2,0.4,Very short track: 2 trajectory rows / 2 frames duration (<= 4). Candidate only - may be a legitimate brief detection.,Tier1
traffic.mp4,229,truck,truck,579,580,2,2,1.68,Very short track: 2 trajectory rows / 2 frames duration (<= 4). Candidate only - may be a legitimate brief detection.,Tier1
traffic.mp4,147,motorcycle,motorcycle,13,15,3,3,4.27,Very short track: 3 trajectory rows / 3 frames duration (<= 4). Candidate only - may be a legitimate brief detection.,Tier2
traffic.mp4,174,motorcycle,motorcycle,227,229,3,3,1.93,Very short track: 3 trajectory rows / 3 frames duration (<= 4). Candidate only - may be a legitimate brief detection.,Tier2
traffic.mp4,206,bus,bus,459,461,3,3,1.12,Very short track: 3 trajectory rows / 3 frames duration (<= 4). Candidate only - may be a legitimate brief detection.,Tier2
traffic.mp4,153,motorcycle,motorcycle,52,55,4,4,9.95,Very short track: 4 trajectory rows / 4 frames duration (<= 4). Candidate only - may be a legitimate brief detection.,Tier2
